-- phpMyAdmin SQL Dump
-- version 5.2.1
-- https://www.phpmyadmin.net/
--
-- 主機： localhost
-- 產生時間： 2024 年 01 月 25 日 07:30
-- 伺服器版本： 10.4.28-MariaDB
-- PHP 版本： 8.2.4

SET SQL_MODE = "NO_AUTO_VALUE_ON_ZERO";
START TRANSACTION;
SET time_zone = "+00:00";


/*!40101 SET @OLD_CHARACTER_SET_CLIENT=@@CHARACTER_SET_CLIENT */;
/*!40101 SET @OLD_CHARACTER_SET_RESULTS=@@CHARACTER_SET_RESULTS */;
/*!40101 SET @OLD_COLLATION_CONNECTION=@@COLLATION_CONNECTION */;
/*!40101 SET NAMES utf8mb4 */;

--
-- 資料庫： `freefyt`
--

-- --------------------------------------------------------

--
-- 資料表結構 `address`
--

CREATE TABLE `address` (
  `sid` int(11) NOT NULL,
  `district` varchar(10) CHARACTER SET utf8mb4 COLLATE utf8mb4_general_ci NOT NULL,
  `parent_sid` int(11) NOT NULL
) ENGINE=InnoDB DEFAULT CHARSET=utf8mb4 COLLATE=utf8mb4_bin;

--
-- 傾印資料表的資料 `address`
--

INSERT INTO `address` (`sid`, `district`, `parent_sid`) VALUES
(1, '台北市', 0),
(2, '新北市', 0),
(3, '桃園市', 0),
(4, '台中市', 0),
(5, '台南市', 0),
(6, '高雄市', 0),
(7, '基隆市', 0),
(8, '宜蘭縣', 0),
(9, '新竹市', 0),
(10, '新竹縣', 0),
(11, '苗栗縣', 0),
(12, '彰化縣', 0),
(13, '南投縣', 0),
(14, '嘉義市', 0),
(15, '嘉義縣', 0),
(16, '雲林縣', 0),
(17, '屏東縣', 0),
(18, '台東縣', 0),
(19, '花蓮縣', 0),
(20, '澎湖縣', 0),
(21, '金門縣', 0),
(22, '連江縣', 0),
(23, '南海島', 0),
(24, '中正區', 1),
(25, '大同區', 1),
(26, '中山區', 1),
(27, '松山區', 1),
(28, '大安區', 1),
(29, '萬華區', 1),
(30, '信義區', 1),
(31, '士林區', 1),
(32, '北投區', 1),
(33, '內湖區', 1),
(34, '南港區', 1),
(35, '文山區', 1),
(36, '萬里區', 2),
(37, '金山區', 2),
(38, '板橋區', 2),
(39, '汐止區', 2),
(40, '深坑區', 2),
(41, '石碇區', 2),
(42, '瑞芳區', 2),
(43, '平溪區', 2),
(44, '雙溪區', 2),
(45, '貢寮區', 2),
(46, '新店區', 2),
(47, '坪林區', 2),
(48, '烏來區', 2),
(49, '永和區', 2),
(50, '中和區', 2),
(51, '土城區', 2),
(52, '三峽區', 2),
(53, '樹林區', 2),
(54, '鶯歌區', 2),
(55, '三重區', 2),
(56, '新莊區', 2),
(57, '泰山區', 2),
(58, '林口區', 2),
(59, '蘆洲區', 2),
(60, '五股區', 2),
(61, '八里區', 2),
(62, '淡水區', 2),
(63, '三芝區', 2),
(64, '石門區', 2),
(65, '中壢區', 3),
(66, '平鎮區', 3),
(67, '龍潭區', 3),
(68, '楊梅區', 3),
(69, '新屋區', 3),
(70, '觀音區', 3),
(71, '桃園區', 3),
(72, '龜山區', 3),
(73, '八德區', 3),
(74, '大溪區', 3),
(75, '復興區', 3),
(76, '大園區', 3),
(77, '蘆竹區', 3),
(78, '中區', 4),
(79, '東區', 4),
(80, '南區', 4),
(81, '西區', 4),
(82, '北區', 4),
(83, '北屯區', 4),
(84, '西屯區', 4),
(85, '南屯區', 4),
(86, '太平區', 4),
(87, '大里區', 4),
(88, '霧峰區', 4),
(89, '烏日區', 4),
(90, '豐原區', 4),
(91, '后里區', 4),
(92, '石岡區', 4),
(93, '東勢區', 4),
(94, '和平區', 4),
(95, '新社區', 4),
(96, '潭子區', 4),
(97, '大雅區', 4),
(98, '神岡區', 4),
(99, '大肚區', 4),
(100, '沙鹿區', 4),
(101, '龍井區', 4),
(102, '梧棲區', 4),
(103, '清水區', 4),
(104, '大甲區', 4),
(105, '外埔區', 4),
(106, '大安區', 4),
(107, '中西區', 5),
(108, '東區', 5),
(109, '南區', 5),
(110, '北區', 5),
(111, '安平區', 5),
(112, '安南區', 5),
(113, '永康區', 5),
(114, '歸仁區', 5),
(115, '新化區', 5),
(116, '左鎮區', 5),
(117, '玉井區', 5),
(118, '楠西區', 5),
(119, '南化區', 5),
(120, '仁德區', 5),
(121, '關廟區', 5),
(122, '龍崎區', 5),
(123, '官田區', 5),
(124, '麻豆區', 5),
(125, '佳里區', 5),
(126, '西港區', 5),
(127, '七股區', 5),
(128, '將軍區', 5),
(129, '學甲區', 5),
(130, '北門區', 5),
(131, '新營區', 5),
(132, '後壁區', 5),
(133, '白河區', 5),
(134, '東山區', 5),
(135, '六甲區', 5),
(136, '下營區', 5),
(137, '柳營區', 5),
(138, '鹽水區', 5),
(139, '善化區', 5),
(140, '大內區', 5),
(141, '山上區', 5),
(142, '新市區', 5),
(143, '安定區', 5),
(144, '新興區', 6),
(145, '前金區', 6),
(146, '苓雅區', 6),
(147, '鹽埕區', 6),
(148, '鼓山區', 6),
(149, '旗津區', 6),
(150, '前鎮區', 6),
(151, '三民區', 6),
(152, '楠梓區', 6),
(153, '小港區', 6),
(154, '左營區', 6),
(155, '仁武區', 6),
(156, '大社區', 6),
(157, '岡山區', 6),
(158, '路竹區', 6),
(159, '阿蓮區', 6),
(160, '田寮區', 6),
(161, '燕巢區', 6),
(162, '橋頭區', 6),
(163, '梓官區', 6),
(164, '彌陀區', 6),
(165, '永安區', 6),
(166, '湖內區', 6),
(167, '鳳山區', 6),
(168, '大寮區', 6),
(169, '林園區', 6),
(170, '鳥松區', 6),
(171, '大樹區', 6),
(172, '旗山區', 6),
(173, '美濃區', 6),
(174, '六龜區', 6),
(175, '內門區', 6),
(176, '杉林區', 6),
(177, '甲仙區', 6),
(178, '桃源區', 6),
(179, '那瑪夏區', 6),
(180, '茂林區', 6),
(181, '茄萣區', 6),
(182, '仁愛區', 7),
(183, '信義區', 7),
(184, '中正區', 7),
(185, '中山區', 7),
(186, '安樂區', 7),
(187, '暖暖區', 7),
(188, '七堵區', 7),
(189, '宜蘭市', 8),
(190, '頭城鎮', 8),
(191, '礁溪鄉', 8),
(192, '壯圍鄉', 8),
(193, '員山鄉', 8),
(194, '羅東鎮', 8),
(195, '三星鄉', 8),
(196, '大同鄉', 8),
(197, '五結鄉', 8),
(198, '冬山鄉', 8),
(199, '蘇澳鎮', 8),
(200, '南澳鄉', 8),
(201, '東區', 9),
(202, '北區', 9),
(203, '香山區', 9),
(204, '竹北市', 10),
(205, '湖口鄉', 10),
(206, '新豐鄉', 10),
(207, '新埔鎮', 10),
(208, '關西鎮', 10),
(209, '芎林鄉', 10),
(210, '寶山鄉', 10),
(211, '竹東鎮', 10),
(212, '五峰鄉', 10),
(213, '橫山鄉', 10),
(214, '尖石鄉', 10),
(215, '北埔鄉', 10),
(216, '峨眉鄉', 10),
(217, '竹南鎮', 11),
(218, '頭份鎮', 11),
(219, '三灣鄉', 11),
(220, '南庄鄉', 11),
(221, '獅潭鄉', 11),
(222, '後龍鎮', 11),
(223, '通霄鎮', 11),
(224, '苑裡鎮', 11),
(225, '苗栗市', 11),
(226, '造橋鄉', 11),
(227, '頭屋鄉', 11),
(228, '公館鄉', 11),
(229, '大湖鄉', 11),
(230, '泰安鄉', 11),
(231, '銅鑼鄉', 11),
(232, '三義鄉', 11),
(233, '西湖鄉', 11),
(234, '卓蘭鎮', 11),
(235, '彰化市', 12),
(236, '芬園鄉', 12),
(237, '花壇鄉', 12),
(238, '秀水鄉', 12),
(239, '鹿港鎮', 12),
(240, '福興鄉', 12),
(241, '線西鄉', 12),
(242, '和美鎮', 12),
(243, '伸港鄉', 12),
(244, '員林鎮', 12),
(245, '社頭鄉', 12),
(246, '永靖鄉', 12),
(247, '埔心鄉', 12),
(248, '溪湖鎮', 12),
(249, '大村鄉', 12),
(250, '埔鹽鄉', 12),
(251, '田中鎮', 12),
(252, '北斗鎮', 12),
(253, '田尾鄉', 12),
(254, '埤頭鄉', 12),
(255, '溪州鄉', 12),
(256, '竹塘鄉', 12),
(257, '二林鎮', 12),
(258, '大城鄉', 12),
(259, '芳苑鄉', 12),
(260, '二水鄉', 12),
(261, '南投市', 13),
(262, '中寮鄉', 13),
(263, '草屯鎮', 13),
(264, '國姓鄉', 13),
(265, '埔里鎮', 13),
(266, '仁愛鄉', 13),
(267, '名間鄉', 13),
(268, '集集鎮', 13),
(269, '水里鄉', 13),
(270, '魚池鄉', 13),
(271, '信義鄉', 13),
(272, '竹山鎮', 13),
(273, '鹿谷鄉', 13),
(274, '東區', 14),
(275, '西區', 14),
(276, '番路鄉', 15),
(277, '梅山鄉', 15),
(278, '竹崎鄉', 15),
(279, '阿里山鄉', 15),
(280, '中埔鄉', 15),
(281, '大埔鄉', 15),
(282, '水上鄉', 15),
(283, '鹿草鄉', 15),
(284, '太保市', 15),
(285, '朴子市', 15),
(286, '東石鄉', 15),
(287, '六腳鄉', 15),
(288, '新港鄉', 15),
(289, '民雄鄉', 15),
(290, '大林鎮', 15),
(291, '溪口鄉', 15),
(292, '義竹鄉', 15),
(293, '布袋鎮', 15),
(294, '斗南鎮', 16),
(295, '大埤鄉', 16),
(296, '虎尾鎮', 16),
(297, '土庫鎮', 16),
(298, '褒忠鄉', 16),
(299, '東勢鄉', 16),
(300, '台西鄉', 16),
(301, '崙背鄉', 16),
(302, '麥寮鄉', 16),
(303, '斗六市', 16),
(304, '林內鄉', 16),
(305, '古坑鄉', 16),
(306, '莿桐鄉', 16),
(307, '西螺鎮', 16),
(308, '二崙鄉', 16),
(309, '北港鎮', 16),
(310, '水林鄉', 16),
(311, '口湖鄉', 16),
(312, '四湖鄉', 16),
(313, '元長鄉', 16),
(314, '屏東市', 17),
(315, '三地門鄉', 17),
(316, '霧台鄉', 17),
(317, '瑪家鄉', 17),
(318, '九如鄉', 17),
(319, '里港鄉', 17),
(320, '高樹鄉', 17),
(321, '鹽埔鄉', 17),
(322, '長治鄉', 17),
(323, '麟洛鄉', 17),
(324, '竹田鄉', 17),
(325, '內埔鄉', 17),
(326, '萬丹鄉', 17),
(327, '潮州鎮', 17),
(328, '泰武鄉', 17),
(329, '來義鄉', 17),
(330, '萬巒鄉', 17),
(331, '崁頂鄉', 17),
(332, '新埤鄉', 17),
(333, '南州鄉', 17),
(334, '林邊鄉', 17),
(335, '東港鎮', 17),
(336, '琉球鄉', 17),
(337, '佳冬鄉', 17),
(338, '新園鄉', 17),
(339, '枋寮鄉', 17),
(340, '枋山鄉', 17),
(341, '春日鄉', 17),
(342, '獅子鄉', 17),
(343, '車城鄉', 17),
(344, '牡丹鄉', 17),
(345, '恆春鎮', 17),
(346, '滿州鄉', 17),
(347, '台東市', 18),
(348, '綠島鄉', 18),
(349, '蘭嶼鄉', 18),
(350, '延平鄉', 18),
(351, '卑南鄉', 18),
(352, '鹿野鄉', 18),
(353, '關山鎮', 18),
(354, '海端鄉', 18),
(355, '池上鄉', 18),
(356, '東河鄉', 18),
(357, '成功鎮', 18),
(358, '長濱鄉', 18),
(359, '太麻里鄉', 18),
(360, '金峰鄉', 18),
(361, '大武鄉', 18),
(362, '達仁鄉', 18),
(363, '花蓮市', 19),
(364, '新城鄉', 19),
(365, '秀林鄉', 19),
(366, '吉安鄉', 19),
(367, '壽豐鄉', 19),
(368, '鳳林鎮', 19),
(369, '光復鄉', 19),
(370, '豐濱鄉', 19),
(371, '瑞穗鄉', 19),
(372, '萬榮鄉', 19),
(373, '玉里鎮', 19),
(374, '卓溪鄉', 19),
(375, '富里鄉', 19),
(376, '望安鄉', 20),
(377, '七美鄉', 20),
(378, '白沙鄉', 20),
(379, '湖西鄉', 20),
(380, '馬公市', 20),
(381, '西嶼鄉', 20),
(382, '金沙鎮', 21),
(383, '金湖鎮', 21),
(384, '金寧鄉', 21),
(385, '金城鎮', 21),
(386, '烈嶼鄉', 21),
(387, '烏坵鄉', 21),
(388, '南竿鄉', 22),
(389, '北竿鄉', 22),
(390, '莒光鄉', 22),
(391, '東引鄉', 22),
(392, '東沙群島', 23),
(393, '南沙群島', 23);

-- --------------------------------------------------------

--
-- 資料表結構 `blogclass`
--

CREATE TABLE `blogclass` (
  `blogclass_id` int(255) NOT NULL,
  `blogclass_content` varchar(255) NOT NULL
) ENGINE=InnoDB DEFAULT CHARSET=utf8mb4 COLLATE=utf8mb4_general_ci;

--
-- 傾印資料表的資料 `blogclass`
--

INSERT INTO `blogclass` (`blogclass_id`, `blogclass_content`) VALUES
(1, '飲食營養'),
(2, '拓點展示'),
(3, '健身攻略'),
(4, '健康之旅'),
(5, '飲食美學'),
(6, '心情分享'),
(7, '運動日誌'),
(8, '生活淺談'),
(9, '保險健康'),
(10, '重訓訓練');

-- --------------------------------------------------------

--
-- 資料表結構 `blogcollect`
--

CREATE TABLE `blogcollect` (
  `blogcollect_id` int(255) NOT NULL,
  `member_id` int(255) NOT NULL,
  `blogarticle_id` int(255) NOT NULL
) ENGINE=InnoDB DEFAULT CHARSET=utf8mb4 COLLATE=utf8mb4_general_ci;

--
-- 傾印資料表的資料 `blogcollect`
--

INSERT INTO `blogcollect` (`blogcollect_id`, `member_id`, `blogarticle_id`) VALUES
(1, 1, 3),
(2, 2, 1),
(3, 1, 2),
(4, 3, 2),
(5, 3, 1),
(6, 2, 13),
(7, 4, 14),
(9, 5, 2),
(10, 3, 6),
(12, 3, 7),
(13, 3, 8),
(14, 3, 9),
(15, 3, 10),
(56, 5, 120),
(58, 5, 131),
(59, 5, 130),
(60, 5, 125),
(61, 5, 126),
(62, 5, 122),
(72, 56, 154),
(80, 3, 100),
(82, 3, 131),
(83, 3, 130);

-- --------------------------------------------------------

--
-- 資料表結構 `blogcomment`
--

CREATE TABLE `blogcomment` (
  `member_id` int(255) NOT NULL,
  `blogcomment_time` datetime(6) NOT NULL,
  `blogcomment_content` varchar(255) NOT NULL
) ENGINE=InnoDB DEFAULT CHARSET=utf8mb4 COLLATE=utf8mb4_general_ci;

--
-- 傾印資料表的資料 `blogcomment`
--

INSERT INTO `blogcomment` (`member_id`, `blogcomment_time`, `blogcomment_content`) VALUES
(3, '2022-04-15 08:23:00.000000', '這篇文章真的很有用！我現在更有動力去健身了。謝謝你的分享！'),
(1, '2022-07-22 14:12:00.000000', '我一直在尋找關於健身的新資訊，這篇文章提供了很多有價值的建議。'),
(3, '2022-09-05 16:45:00.000000', '你的訓練計畫聽起來很困難，但也很值得一試。我會開始跟著做！'),
(4, '2023-01-18 10:20:00.000000', '這篇文章對於新手來說非常有幫助。我剛剛開始健身，這些建議對我來說很寶貴。'),
(5, '2023-03-09 04:55:00.000000', '我喜歡你的營養建議，這對我來說是一個全新的視角。'),
(2, '2023-06-27 18:38:00.000000', '你分享的心得故事真的激勵到我了。我也希望有一天能達到你的成就！'),
(1, '2024-08-14 11:23:00.000000', '這個健身挑戰看起來很有趣，我會嘗試參加並看看自己能否完成。'),
(1, '2024-10-29 17:10:00.000000', '有關休息和恢復的部分真的很重要，我之前總是忽略它們。謝謝你提醒我！'),
(3, '2024-12-12 19:04:00.000000', '我一直在尋找一個適合我需求的健身計畫，這篇文章提供了很多選擇。'),
(2, '2025-02-28 13:50:00.000000', '健身是一項長期的投資，你的建議讓我更有信心堅持下去。');

-- --------------------------------------------------------

--
-- 資料表結構 `blogfollow`
--

CREATE TABLE `blogfollow` (
  `follow_id` int(10) NOT NULL,
  `member_id` int(10) NOT NULL,
  `follow_member` int(10) NOT NULL
) ENGINE=InnoDB DEFAULT CHARSET=utf8mb4 COLLATE=utf8mb4_general_ci;

--
-- 傾印資料表的資料 `blogfollow`
--

INSERT INTO `blogfollow` (`follow_id`, `member_id`, `follow_member`) VALUES
(35, 5, 4),
(39, 5, 56),
(40, 5, 57),
(41, 5, 3),
(52, 3, 59),
(57, 3, 6),
(71, 3, 4),
(73, 3, 56),
(74, 4, 3),
(81, 4, 3),
(82, 6, 3),
(83, 7, 3),
(84, 8, 3),
(85, 9, 3),
(86, 10, 3),
(87, 51, 3),
(88, 52, 3),
(89, 53, 3),
(90, 54, 3),
(91, 58, 3);

-- --------------------------------------------------------

--
-- 資料表結構 `bloglist`
--

CREATE TABLE `bloglist` (
  `blogarticle_id` int(255) NOT NULL,
  `member_id` int(255) NOT NULL,
  `blogread_sum` int(255) DEFAULT NULL,
  `blogclass_id` int(255) DEFAULT NULL,
  `blogarticle_create` datetime(6) NOT NULL,
  `blogarticle_time` datetime(6) NOT NULL,
  `blogarticle_public` int(255) DEFAULT NULL,
  `blogarticle_title` varchar(255) DEFAULT NULL,
  `blogarticle_content` text NOT NULL,
  `blogarticle_photo` varchar(255) DEFAULT NULL
) ENGINE=InnoDB DEFAULT CHARSET=utf8mb4 COLLATE=utf8mb4_general_ci;

--
-- 傾印資料表的資料 `bloglist`
--

INSERT INTO `bloglist` (`blogarticle_id`, `member_id`, `blogread_sum`, `blogclass_id`, `blogarticle_create`, `blogarticle_time`, `blogarticle_public`, `blogarticle_title`, `blogarticle_content`, `blogarticle_photo`) VALUES
(2, 8, 20768, 1, '2022-06-22 15:12:00.000000', '2023-05-30 18:38:00.000000', 1, '超效率健身計畫：利用最小時間獲得最大效益', '不要花大量時間在健身上！獲得超效果的秘訣是簡化訓練並集中於高效率的運動，讓你在短時間內達到最佳健身效果。', '66.jpg'),
(3, 3, 0, 10, '2022-09-05 08:45:00.000000', '2024-01-25 13:38:41.352000', 1, 'END', '*陳亘昊-會員中心   *洪紫瑗-營養追蹤   *廖偉硯-課程專區   *陳敏華-線上商城   *汪帝佑-健身論壇', 'thanks.jpg'),
(4, 6, 87242, 5, '2022-11-18 22:20:00.000000', '2024-01-12 20:30:54.912000', 1, '45提升代謝率的飲食策略與方法', '12通過選擇高代謝食物和定期進行運動，你可以提高代謝率，幫助身體更有效率地消耗卡路里和脂肪，促進健康的新陳代謝。', 'sea.jpg'),
(5, 56, 0, 2, '2022-03-15 10:30:00.000000', '2023-09-01 11:55:00.000000', 1, 'END', '*陳亘昊-會員中心   *洪紫瑗-營養追蹤   *廖偉硯-課程專區   *陳敏華-線上商城   *汪帝佑-健身論壇', 'thanks.jpg'),
(30, 6, 89182, 3, '2022-11-18 22:20:00.000000', '2023-09-01 11:55:00.000000', 1, '運動與身體機能提升的關聯性', '健康飲食並不是極端的限制，而是有意識地做出更健康的選擇，享受食物的美味。', '31.jpg'),
(31, 6, 20768, 1, '2022-09-05 08:45:00.000000', '2023-03-09 04:55:00.000000', 1, '健康體重管理：控制體重的有效策略', '每次運動後，補充水分是很重要的。確保充足的水分攝入有助於身體代謝和恢復。', '32.jpg'),
(32, 7, 29903, 10, '2022-11-18 22:20:00.000000', '2023-05-30 18:38:00.000000', 0, '健身與健康生活：平衡鍛鍊與飲食的重要性', '健康飲食的關鍵不僅是要吃得健康，還要享受食物。選擇營養豐富的美味食物。', '33.jpg'),
(33, 6, 87242, 5, '2022-03-15 10:30:00.000000', '2023-06-02 05:55:00.000000', 1, '飲食與幸福感：飲食對心理健康的影響', '不要擔心別人的眼光，只需專注於自己的健身目標。每個人的步伐都是不同的，重要的是繼續前進。', '34.jpg'),
(34, 7, 74580, 2, '2022-06-22 15:12:00.000000', '2023-07-01 21:14:00.000000', 0, '健康飲食的時效性：不同時間攝取的影響', '良好的睡眠品質對健康至關重要。充足的睡眠能幫助身體恢復，讓你更有活力和動力。', '35.jpg'),
(35, 5, 23488, 5, '2022-09-05 08:45:00.000000', '2023-09-01 11:55:00.000000', 1, '功能性訓練：改善日常生活的運動方式', '不要因為偶爾的飲食失控而感到挫折。重要的是，選擇健康的生活方式，保持一貫性。', '36.jpg'),
(36, 9, 72463, 9, '2022-11-18 22:20:00.000000', '2023-03-09 04:55:00.000000', 0, '擴展飲食選擇：探索世界各地的健康飲食文化', '每天保持輕度活動有助於維持身體健康。簡單的步行或伸展運動能幫助維持身體活力。', '37.jpg'),
(37, 5, 75207, 8, '2022-09-05 08:45:00.000000', '2023-05-30 18:38:00.000000', 0, '訓練策略：運動強度與持久力的平衡', '運動應該是快樂的體驗，而不是壓力。找到喜歡的運動方式，讓它成為生活的一部分。', '38.jpg'),
(38, 6, 97471, 10, '2022-11-18 22:20:00.000000', '2023-06-02 05:55:00.000000', 0, '肌肉與代謝：肌肉訓練對代謝的影響', '要瞭解自己的身體狀況，不要盲目追求高強度運動。選擇適合自己身體狀況的運動強度。', '39.jpg'),
(39, 52, 14448, 6, '2022-03-15 10:30:00.000000', '2023-07-01 21:14:00.000000', 1, '健康飲食的挑戰：繁忙生活中的健康飲食', '每天保持積極的心態對於健康和生活都非常重要。心態決定著行為和習慣。', '40.jpg'),
(40, 52, 14448, 6, '2022-06-22 15:12:00.000000', '2023-09-01 11:55:00.000000', 1, '飲食與心臟健康：心臟疾病預防的飲食建議', '飲食要多樣化，每種食物都有不同的營養素。確保攝入各種營養素對健康非常重要。', '41.jpg'),
(41, 54, 20768, 1, '2022-09-05 08:45:00.000000', '2023-03-09 04:55:00.000000', 0, '重訓的好處：肌肉訓練對身體的獨特益處', '聽從自己的身體信號，適應健身計劃。如果感到疲勞或不適，給自己休息的時間。', '42.jpg'),
(42, 8, 29903, 10, '2022-11-18 22:20:00.000000', '2023-05-30 18:38:00.000000', 0, '輕鬆烹飪：快速健康飲食的簡單食譜分享', '不要因為一次失敗就放棄，健康是一個長期的目標。每一天都是重新開始的機會。', '43.jpg'),
(43, 55, 87242, 5, '2022-09-05 08:45:00.000000', '2023-06-02 05:55:00.000000', 0, '飲食與消化健康：食物選擇對腸道健康的影響', '合理控制飲食份量，避免過飽或過度節食，保持均衡攝取，是維持健康身材的基礎。', '44.jpg'),
(44, 53, 74580, 2, '2022-11-18 22:20:00.000000', '2023-07-01 21:14:00.000000', 1, '運動與年齡：不同年齡層的適應性運動', '運動能釋放多巴胺和內啡肽，提升快樂感。定期運動能促進幸福感和身心健康。', '45.jpg'),
(45, 5, 23488, 5, '2022-03-15 10:30:00.000000', '2023-09-01 11:55:00.000000', 0, '健康飲食的成本效益：經濟實惠的均衡飲食', '食物多樣性有助於獲得更多營養素和抗氧化劑。多食品種保證營養均衡，有利健康。', '46.jpg'),
(46, 9, 72463, 9, '2022-06-22 15:12:00.000000', '2023-03-09 04:55:00.000000', 1, '飲食控制與情緒管理：情緒飲食的影響', '睡眠是健康的基石之一，足夠的睡眠能幫助身體恢復和修復，同時維持身心健康。', '47.jpg'),
(47, 5, 75207, 8, '2022-09-05 08:45:00.000000', '2023-05-30 18:38:00.000000', 1, '健身房的成效', '健康飲食需要多角度考慮，包括飲食平衡、適量攝取、多樣性和時序性。', '48.jpg'),
(48, 6, 97471, 10, '2022-11-18 22:20:00.000000', '2023-06-02 05:55:00.000000', 1, '飲食與消化健康：食物選擇對腸道健康的影響', '健身不僅僅是身體上的改變，更是心靈和情緒的調整和提升。', '49.jpg'),
(49, 52, 14448, 6, '2022-09-05 08:45:00.000000', '2023-07-01 21:14:00.000000', 1, '運動與年齡：不同年齡層的適應性運動', '合理安排運動時間，不需要長時間，但持之以恆，才是獲得效果的關鍵。', '50.jpg'),
(50, 6, 89182, 3, '2022-11-18 22:20:00.000000', '2023-09-01 11:55:00.000000', 1, '健康飲食的成本效益：經濟實惠的均衡飲食', '每天保持充足水分攝取，有助於促進新陳代謝和身體機能運作。', '51.jpg'),
(51, 54, 20768, 1, '2022-03-15 10:30:00.000000', '2023-03-09 04:55:00.000000', 1, '飲食控制與情緒管理：情緒飲食的影響', '每個人的身體狀況和需求不同，因此健身計畫應該是個性化和量身定制的。', '52.jpg'),
(52, 8, 29903, 10, '2022-06-22 15:12:00.000000', '2023-05-30 18:38:00.000000', 0, '跑步愛好者的最佳營養攻略', '健康飲食的一部分是避免過量攝取，控制食物份量，達到飽足感而不是過飽。', '53.jpg'),
(53, 55, 87242, 5, '2022-09-05 08:45:00.000000', '2023-06-02 05:55:00.000000', 1, '健康沙拉創意：美味與營養並重', '健身房不僅僅是訓練的地方，更是社交和共享知識的場所，建立健康的社交圈也很重要。', '54.jpg'),
(54, 53, 74580, 2, '2022-11-18 22:20:00.000000', '2023-07-01 21:14:00.000000', 0, '瑜伽靈活度提升：深入探索身心平衡', '運動不一定要去健身房，室外活動如慢跑、騎自行車也是有效的運動方式。', '55.jpg'),
(55, 5, 23488, 5, '2022-09-05 08:45:00.000000', '2023-09-01 11:55:00.000000', 1, '間歇性斷食：塑造更強健的身體', '燃燒卡路里的最佳方式不一定是高強度運動，有時候低強度的長時間運動也能帶來效果。', '56.jpg'),
(56, 9, 72463, 9, '2022-11-18 22:20:00.000000', '2023-03-09 04:55:00.000000', 0, '健康餐點快速烹飪：忙碌生活中的好幫手', '研究表明均衡飲食有助於減少患慢性疾病的風險，是健康生活的基礎。', '57.jpg'),
(57, 5, 75207, 8, '2022-03-15 10:30:00.000000', '2023-05-30 18:38:00.000000', 0, '健身飲食原則：營養均衡的關鍵', '健身不是暫時性的目標，而是習慣性的生活方式的轉變。', '58.jpg'),
(58, 6, 97471, 10, '2022-06-22 15:12:00.000000', '2023-06-02 05:55:00.000000', 0, '增肌減脂攻略：打造完美體態的秘訣', '不要過度依賴健身補充品，適量攝取天然食物營養更有益健康。', '59.jpg'),
(59, 52, 14448, 6, '2022-09-05 08:45:00.000000', '2023-07-01 21:14:00.000000', 1, '超級食物探索：擁抱營養的奇蹟', '健身是一項持久戰，需要堅持和耐心，不能期望立竿見影的效果。', '60.jpg'),
(60, 8, 29903, 10, '2022-11-18 22:20:00.000000', '2023-09-01 11:55:00.000000', 0, '跑步愛好者的最佳營養攻略', '飲食與運動的平衡非常重要，兩者相輔相成，有助於達到健康目標。', '61.jpg'),
(61, 55, 87242, 5, '2022-09-05 08:45:00.000000', '2023-03-09 04:55:00.000000', 1, '健康沙拉創意：美味與營養並重', '健身房訓練不僅僅是訓練肌肉，還能改善心肺功能，增強體力和耐力。', '62.jpg'),
(62, 53, 74580, 2, '2022-11-18 22:20:00.000000', '2023-05-30 18:38:00.000000', 0, '瑜伽靈活度提升：深入探索身心平衡', '運動的重要性不僅僅是體重管理，還有助於改善睡眠質量和提升精神狀態。', '63.jpg'),
(63, 5, 23488, 5, '2022-03-15 10:30:00.000000', '2023-06-02 05:55:00.000000', 1, '間歇性斷食：塑造更強健的身體', '保持健康生活不只關乎運動和飲食，還包括心理健康和積極的生活態度。', '64.jpg'),
(64, 9, 72463, 9, '2022-06-22 15:12:00.000000', '2023-07-01 21:14:00.000000', 0, '健康餐點快速烹飪：忙碌生活中的好幫手', '健身時要聆聽自己的身體，適度休息和恢復同樣重要，避免過度疲勞和傷害。', '65.jpg'),
(65, 5, 75207, 8, '2022-09-05 08:45:00.000000', '2023-09-01 11:55:00.000000', 0, '健身飲食原則：營養均衡的關鍵', '選擇健康飲食並不困難，多吃水果蔬菜、限制加工食品和糖分攝取即可。', '66.jpg'),
(66, 6, 97471, 10, '2022-11-18 22:20:00.000000', '2023-03-09 04:55:00.000000', 0, '增肌減脂攻略：打造完美體態的秘訣', '健身是長期的投資，不僅對外在身材有好處，還對內在健康有深遠影響。', '67.jpg'),
(67, 52, 14448, 6, '2022-09-05 08:45:00.000000', '2023-05-30 18:38:00.000000', 1, '超級食物探索：擁抱營養的奇蹟', '健康飲食可以降低罹患慢性疾病的風險，例如心臟病和糖尿病等。', '68.jpg'),
(68, 6, 89182, 3, '2022-03-15 10:30:00.000000', '2023-03-09 04:55:00.000000', 1, '健身新手指南：開始你的健康之旅', '要有耐心和毅力，健身成果不會一蹴而就，需要持續努力和時間。', '69.jpg'),
(69, 54, 20768, 1, '2022-06-22 15:12:00.000000', '2023-05-30 18:38:00.000000', 0, '高蛋白飲食：打造強壯肌肉的秘訣', '適量運動有助於提高睡眠質量，讓你晚上更好地休息和恢復。', '70.jpg'),
(70, 8, 29903, 10, '2022-09-05 08:45:00.000000', '2023-06-02 05:55:00.000000', 0, '跑步愛好者的最佳營養攻略', '健康的身體需要均衡營養，包括蛋白質、碳水化合物和脂肪的攝取。', '71.jpg'),
(71, 55, 87242, 5, '2022-11-18 22:20:00.000000', '2023-07-01 21:14:00.000000', 0, '健康沙拉創意：美味與營養並重', '無論多忙，都要為自己找時間運動，這有助於維持身心健康。', '72.jpg'),
(72, 53, 74580, 2, '2022-03-15 10:30:00.000000', '2023-09-01 11:55:00.000000', 1, '瑜伽靈活度提升：深入探索身心平衡', '不要過度追求完美，應該注重健康，運動和飲食都應該循序漸進。', '73.jpg'),
(73, 5, 23488, 5, '2022-06-22 15:12:00.000000', '2023-03-09 04:55:00.000000', 0, '間歇性斷食：塑造更強健的身體', '適當的休息時間可以幫助肌肉恢復和成長，提升運動效果。', '74.jpg'),
(74, 9, 72463, 3, '2022-09-05 08:45:00.000000', '2023-05-30 18:38:00.000000', 1, '健康餐點快速烹飪：忙碌生活中的好幫手', '選擇食物時應該多考慮營養價值，而不僅僅是口味和便利性。', '75.jpg'),
(75, 5, 75207, 8, '2022-11-18 22:20:00.000000', '2023-06-02 05:55:00.000000', 1, '健身飲食原則：營養均衡的關鍵', '健康生活是綜合多方面的因素，包括運動、飲食、睡眠和情緒管理。', '76.jpg'),
(76, 6, 97471, 10, '2022-03-15 10:30:00.000000', '2023-07-01 21:14:00.000000', 1, '增肌減脂攻略：打造完美體態的秘訣', '將運動和飲食納入日常生活，這是維持健康和身材的關鍵。不要將它們視為負擔，而是享受過程。', '77.jpg'),
(77, 52, 14448, 6, '2022-06-22 15:12:00.000000', '2023-09-01 11:55:00.000000', 1, '超級食物探索：擁抱營養的奇蹟', '健康飲食的多樣性是獲取各種營養素的關鍵。多吃不同類型的食物能保證身體得到全面的營養。', '78.jpg'),
(80, 8, 29903, 10, '2022-09-05 08:45:00.000000', '2023-06-02 05:55:00.000000', 0, '健身新手指南：如何開始健身之旅', '健身房訓練不僅是鍛煉身體，還有助於建立自信心和提高自我意識。', '81.jpg'),
(81, 55, 87242, 5, '2022-11-18 22:20:00.000000', '2023-07-01 21:14:00.000000', 1, '燃燒脂肪的10種高效運動', '每天給自己一些自我關愛的時間。不論是運動、冥想還是享受健康美食。', '82.jpg'),
(82, 53, 74580, 2, '2022-03-15 10:30:00.000000', '2023-09-01 11:55:00.000000', 0, '健康飲食：打造均衡營養的飲食計畫', '與他人分享你的健身和健康旅程是激勵和支持的好途徑。彼此鼓勵是取得成功的動力。', '83.jpg'),
(83, 5, 23488, 5, '2022-06-22 15:12:00.000000', '2023-03-09 04:55:00.000000', 1, '擁有強健體魄的5個訓練秘訣', '健康飲食的重要性在於給身體提供足夠的營養，讓身體保持良好的運作狀態。', '84.jpg'),
(84, 9, 72463, 3, '2022-09-05 08:45:00.000000', '2023-05-30 18:38:00.000000', 0, '減肥的最佳飲食攻略', '不要對自己設定不切實際的目標，這樣會增加壓力，讓健身和飲食變得更具挑戰性。', '85.jpg'),
(85, 5, 75207, 8, '2022-11-18 22:20:00.000000', '2023-06-02 05:55:00.000000', 0, '30天挑戰：塑造健康身材的全面計畫', '健身房不僅是鍛煉身體的地方，還是建立社交網絡和交朋友的好場所。', '86.jpg'),
(86, 6, 97471, 10, '2022-09-05 08:45:00.000000', '2023-07-01 21:14:00.000000', 0, '飲食與心理健康：正面情緒對健康的影響', '飲食不是為了控制身體，而是為了讓身體更健康，讓你有足夠的能量去做自己喜歡的事情。', '87.jpg'),
(88, 54, 20768, 1, '2022-03-15 10:30:00.000000', '2023-03-09 04:55:00.000000', 0, '減少糖分攝取：改善健康的關鍵步驟', '健康飲食不是犧牲味道，而是發現更多美味和營養價值。', '89.jpg'),
(89, 8, 29903, 10, '2022-06-22 15:12:00.000000', '2023-05-30 18:38:00.000000', 0, '飲食多元化：享受各種食材帶來的營養', '每天保持一定程度的活動，如步行、慢跑或伸展運動，有助於身體健康。', '90.jpg'),
(90, 55, 87242, 5, '2022-09-05 08:45:00.000000', '2023-06-02 05:55:00.000000', 0, '高蛋白飲食：促進肌肉修復和成長', '健身應該是為了健康和活力，而不是為了完美身材。', '91.jpg'),
(91, 53, 74580, 2, '2022-11-18 22:20:00.000000', '2023-07-01 21:14:00.000000', 1, '健身迷思揭密：不可忽略的健身常識', '飲食控制不應該是極端的減少食物攝入，而是選擇更健康的食材。', '92.jpg'),
(92, 5, 23488, 5, '2022-09-05 08:45:00.000000', '2023-09-01 11:55:00.000000', 0, '健康早餐的必備食材與菜單建議', '每天關注營養攝取，確保各種營養素的均衡攝入，有助於維持身體健康。', '93.jpg'),
(94, 5, 75207, 8, '2022-03-15 10:30:00.000000', '2023-05-30 18:38:00.000000', 1, 'HIIT訓練：快速燃燒卡路里的運動方式', '不要因為壓力而放棄健康飲食，學會適當的壓力管理有助於保持健康生活。', '95.jpg'),
(95, 6, 97471, 10, '2022-06-22 15:12:00.000000', '2023-06-02 05:55:00.000000', 1, '持久力訓練的關鍵：增強耐力與持久力的方法', '每天確保充足的睡眠時間。睡眠是身體恢復和重新充電的重要時間。', '96.jpg'),
(96, 52, 14448, 6, '2022-09-05 08:45:00.000000', '2023-07-01 21:14:00.000000', 1, '健康的心靈，健康的身體：建立正向生活方式', '聽從身體的需求，給自己足夠的休息時間。這有助於避免過度疲勞和傷害。', '97.jpg'),
(97, 6, 89182, 3, '2022-11-18 22:20:00.000000', '2023-09-01 11:55:00.000000', 1, '飲食與排毒：清除體內毒素的方式', '健康飲食的關鍵在於控制份量，保持飲食均衡，避免過量和過飽。', '98.jpg'),
(98, 54, 20768, 1, '2022-09-05 08:45:00.000000', '2023-03-09 04:55:00.000000', 1, '避免常見的健身錯誤：保持健康訓練的技巧', '不要對自己過度嚴格，找到適合自己的節奏和方式，持之以恒地進行健身和健康飲食。', '99.jpg'),
(99, 8, 29903, 10, '2022-11-18 22:20:00.000000', '2023-05-30 18:38:00.000000', 0, '有氧運動 vs. 重量訓練：哪種適合你？', '健康飲食和運動可以幫助改善睡眠質量，讓你晚上更好地休息和恢復。', '100.jpg'),
(100, 55, 87242, 5, '2022-03-15 10:30:00.000000', '2023-06-02 05:55:00.000000', 1, '減肥成功的秘訣：營養均衡與運動結合', '健康飲食的核心在於選擇天然和新鮮的食材，減少加工食品的攝入。', '101.jpg'),
(101, 53, 74580, 2, '2022-06-22 15:12:00.000000', '2023-07-01 21:14:00.000000', 0, '輕鬆掌握的健康飲食小貼士', '健身是為了讓自己更強壯和有活力，而不是為了追求別人的標準或期望。', '102.jpg'),
(102, 5, 23488, 5, '2022-09-05 08:45:00.000000', '2023-09-01 11:55:00.000000', 1, '肌肉線條塑造：塑身訓練技巧分享', '飲食習慣的改變需要時間，逐步調整可以幫助你更容易地適應。', '103.jpg'),
(103, 9, 72463, 5, '2024-11-18 22:20:00.000000', '2024-03-09 04:55:00.000000', 0, '飲食控制：管理飢餓感與食慾的方法', '健康飲食並不意味著放棄所有美味食物，而是學習平衡攝取各種營養，享受飲食中的多樣性。', '104.jpg'),
(104, 5, 75207, 8, '2022-09-05 08:45:00.000000', '2023-05-30 18:38:00.000000', 0, '增加代謝率的飲食與運動策略', '健身不僅僅是鍛煉身體肌肉，更是提升心肺功能，增強體力和耐力。', '105.jpg'),
(105, 6, 97471, 10, '2022-11-18 22:20:00.000000', '2023-06-02 05:55:00.000000', 0, '無器材運動：隨時隨地的健身方法', '每天給自己些微的挑戰，這有助於保持動力和與自己的健身目標保持一致。', '106.jpg'),
(106, 52, 14448, 6, '2022-03-15 10:30:00.000000', '2023-07-01 21:14:00.000000', 1, '正確的休息與恢復：預防運動傷害的重要性', '運動和飲食的結合是獲得健康生活的關鍵。二者相輔相成，讓你更健康更有活力。', '107.jpg'),
(107, 52, 14448, 6, '2022-06-22 15:12:00.000000', '2023-09-01 11:55:00.000000', 1, '每天健身的好處：建立健康的日常習慣', '健身房不只是鍛鍊身體的地方，還是學習和提升健身知識的好場所。', '108.jpg'),
(108, 8, 20768, 1, '2022-09-05 08:45:00.000000', '2023-03-09 04:55:00.000000', 0, '素食主義與健康：如何確保均衡營養攝取', '健康飲食是長期的生活方式，不要追求短期效果，而應該注重持續性和穩定性。', '109.jpg'),
(109, 7, 29903, 10, '2022-11-18 22:20:00.000000', '2023-05-30 18:38:00.000000', 0, '健康飲食與情緒飲食：如何避免情緒性進食', '每次運動後，適量的休息和恢復同樣重要。不要忽視給身體充足的恢復時間。', '110.jpg'),
(110, 6, 87242, 5, '2022-09-05 08:45:00.000000', '2023-06-02 05:55:00.000000', 0, '家庭健身：與家人一起享受健康運動的樂趣', '健康飲食不需要太多的烹飪技巧，簡單的料理方式同樣可以製作出美味又健康的食物。', '111.jpg'),
(111, 2, 74580, 2, '2022-11-18 22:20:00.000000', '2023-07-01 21:14:00.000000', 1, '持之以恆：維持健康生活的關鍵', '持續健身是一種對自己的承諾，它不僅改變身體，也塑造你的意志力和自律。', '112.jpg'),
(112, 1, 23488, 5, '2022-03-15 10:30:00.000000', '2023-09-01 11:55:00.000000', 0, '飲食間歇性禁食法(IF)：促進新陳代謝的方式', '適度運動有助於提高身體免疫力，讓你更少生病，更能對抗疾病。', '113.jpg'),
(113, 7, 72463, 9, '2022-06-22 15:12:00.000000', '2023-03-09 04:55:00.000000', 1, '健身訓練中的呼吸技巧與重要性', '健康飲食是讓你有充沛精力的秘訣，它能提供身體所需的營養素和能量。', '114.jpg'),
(115, 6, 97471, 10, '2022-11-18 22:20:00.000000', '2023-06-02 05:55:00.000000', 1, '飲食多樣性：多種食材組合提供全面營養', '健身不僅是為了鍛鍊身體，還有助於釋放壓力和舒緩情緒。', '116.jpg'),
(116, 5, 14448, 9, '2022-09-05 08:45:00.000000', '2023-07-01 21:14:00.000000', 1, '運動前後的營養攝取要點', '適量的蛋白質攝取是支持健康的肌肉生長和修復所必需的。', '117.jpg'),
(117, 6, 89182, 3, '2022-11-18 22:20:00.000000', '2023-09-01 11:55:00.000000', 1, '持久耐力：訓練提升身體的持久力', '健康飲食不應該讓你感到沉悶，創造性地探索和製作新食譜，增加食物的多樣性。', '118.jpg'),
(118, 8, 20768, 1, '2022-03-15 10:30:00.000000', '2023-03-09 04:55:00.000000', 1, '瑜珈與身體靈活度的關聯', '運動可以幫助改善睡眠質量，讓你晚上更好地休息和恢復。', '119.jpg'),
(119, 7, 29903, 10, '2022-06-22 15:12:00.000000', '2023-05-30 18:38:00.000000', 0, '健康美味的低卡料理食譜分享', '不同的健身運動方式能夠給你不同的挑戰，找到適合自己的方式更有助於堅持。', '120.jpg'),
(120, 5, 87242, 5, '2022-09-05 08:45:00.000000', '2023-06-02 05:55:00.000000', 1, '有效控制食量的方法：避免過飽與過度節食', '健康飲食的開始是意識到食物對身體的影響，並願意做出更健康的選擇。', '121.jpg'),
(121, 2, 74580, 2, '2022-11-18 22:20:00.000000', '2023-07-01 21:14:00.000000', 0, '每日健身鍛煉：建立穩定的運動習慣', '健身和健康飲食需要時間和耐心，不要因為沒有立即看到結果而灰心。', '122.jpg'),
(122, 3, 23488, 5, '2022-09-05 08:45:00.000000', '2023-09-01 11:55:00.000000', 1, '健康飲食的五大要點', '每天設定小目標，這能增加動力和對自己的信心。', '123.jpg'),
(123, 5, 72463, 9, '2022-11-18 22:20:00.000000', '2023-03-09 04:55:00.000000', 0, '運動與身心健康：運動對心理健康的正面影響', '健康飲食不是一次性的事情，而是持續的過程，不斷調整和改進。', '124.jpg'),
(124, 6, 75207, 8, '2022-03-15 10:30:00.000000', '2023-05-30 18:38:00.000000', 0, '飲食攝取與營養補充品的平衡應用', '健身房的氛圍和社交環境有助於提高動力和對運動的興趣。', '125.jpg'),
(125, 9, 97471, 10, '2022-06-22 15:12:00.000000', '2023-06-02 05:55:00.000000', 0, '重量控制：運動與飲食的平衡', '飲食不應該成為負擔，而是一種享受。享受美味的同時，也應注意營養均衡。', '126.jpg'),
(126, 3, 14448, 6, '2022-09-05 08:45:00.000000', '2023-07-01 21:14:00.000000', 1, '健康養生：养生食谱推荐', '健身是投資，投資在健康上，也是對未來更好的自己的投資。', '127.jpg'),
(129, 9, 74580, 2, '2022-11-18 22:20:00.000000', '2023-09-01 11:55:00.000000', 0, '運動中的水分攝取與身體補充', '健康飲食的第一步是學會閱讀食品標籤，了解食物中的成分和營養。', '128.jpg'),
(130, 5, 23488, 5, '2022-09-05 08:45:00.000000', '2023-03-09 04:55:00.000000', 1, '聚焦核心肌群：提升身體穩定度的關鍵', '每天都應該給自己足夠的休息時間，這有助於身體恢復和健康。', '129.jpg'),
(131, 3, 72463, 5, '2022-11-18 22:20:00.000000', '2024-01-22 13:17:33.027000', 0, '飲食習慣改變的策略與步驟', '<p>yes健康飲食需要自律和規律，控制飲食習慣和食量是非常重要的。</p>', '130.jpg'),
(132, 9, 75207, 8, '2022-03-15 10:30:00.000000', '2023-06-02 05:55:00.000000', 1, '健康飲食不僅能改善身體', '運動能夠幫助調節情緒，減少壓力和焦慮，讓你更積極和快樂。', '131.jpg'),
(133, 6, 97471, 10, '2022-06-22 15:12:00.000000', '2023-07-01 21:14:00.000000', 0, '忙碌生活中的好幫手', '健康飲食的核心是攝取適當的營養素，確保身體運作良好。', '132.jpg'),
(134, 4, 14448, 6, '2022-09-05 08:45:00.000000', '2023-09-01 11:55:00.000000', 0, '健身飲食原則：營養均衡的關鍵', '每次運動前做好熱身和伸展，有助於預防受傷和提高運動效果。', '56.jpg'),
(154, 5, 3185123, 4, '2024-01-19 19:29:05.000000', '2024-01-19 19:29:05.000000', 0, '提升代謝率的飲食策略與方法', '在現代生活中，很多人都追求擁有健康而纖瘦的身材，而提升代謝率就是實現這個目標的一個關鍵因素。代謝率是指身體在靜息狀態下消耗的能量，而一個良好的代謝率有助於更有效地燃燒卡路里，防止脂肪積聚。以下是一些提升代謝率的飲食策略與方法。\r\n\r\n1. 高蛋白質飲食\r\n\r\n蛋白質是身體建造和修復組織的重要組成部分，而且相較於碳水化合物和脂肪，消化蛋白質需要更多的能量。因此，增加蛋白質攝取量可以提升代謝率。選擇豐富的蛋白質來源，如雞肉、魚類、豆類和全穀食物，有助於維持飽足感並促進新陳代謝。\r\n\r\n2. 多餘水分攝取\r\n\r\n保持足夠的水分攝取對代謝率的提升至關重要。身體需要水分參與新陳代謝的各個階段，而且喝水還可以增加飽足感，降低進食量。建議每天攝取至少8杯水，並在餐前喝一杯水以減少進食量。\r\n\r\n3. 少量多餐\r\n\r\n分散攝取食物，採用少量多餐的方式可以維持代謝率的穩定。避免長時間的飢餓狀態，有助於防止身體進入節能模式，使代謝率下降。每隔3至4小時進食一次，選擇均衡的食物，有助於提升能量消耗。\r\n\r\n4. 選擇健康脂肪\r\n\r\n脂肪雖然是高熱量的食物，但某些健康的脂肪有助於提升代謝率。Omega-3脂肪酸是一種健康的脂肪，存在於魚類、堅果和亞麻籽中，它們有助於調節身體的新陳代謝過程。\r\n\r\n5. 適量攝取咖啡因\r\n\r\n咖啡因被證實具有提升代謝率的效果。適量攝取咖啡或茶可以刺激中樞神經系統，加速心臟跳動，進而提高基礎代謝率。然而，過量攝取應該避免，以免引起不適感。\r\n\r\n6. 避免過度節食\r\n\r\n過度節食可能導致身體進入節能模式，降低代謝率。應該確保每天攝取足夠的卡路里，以滿足基本的生理需求，同時控制總體卡路里攝取，以維持體重。\r\n\r\n結語\r\n\r\n提升代謝率是維持健康體重的關鍵，飲食策略在其中扮演著重要的角色。通過合理的膳食搭配，選擇高蛋白、低脂、多蔬果的食物，並保持足夠的水分攝取，可以有效提高代謝率，達到健康減重的效果。然而，每個人的身體狀況不同，建議在進行任何飲食調整前，先咨詢專業醫生或營養師的建議。', 'c938064a-1e0f-41b8-8adf-f608c7ea737b.jpg'),
(156, 3, 3168123, 1, '2024-01-24 14:02:03.000000', '2024-01-24 14:02:03.000000', 0, '五色飲食，健康無憂', '良好的飲食習慣不僅僅關乎口味，更涉及營養均衡。五色飲食原則提醒我們應攝取多種有色食物，如紅、橙、黃、綠、藍等，以確保各種維生素和礦物質的充足。這有助於維持免疫系統、促進新陳代謝，並預防慢性疾病的發生。因此，在挑選食物時，不妨注重食物的色澤，打造一個繽紛多彩的餐桌。', '31d987ef-0816-4928-8613-19d6795f6013.jpg'),
(157, 3, 3388123, 2, '2024-01-24 14:02:57.000000', '2024-01-24 14:02:57.000000', 0, '全新健身房全', '台中健身房是打造理想體態和強健體魄的理想場所。在這裡，可以透過有氧運動、重訓和其他多樣化的運動方式，挑戰身體極限，提高體能水平。全方位的健身器材和專業教練的指導，使你能夠有系統地制定個人運動計劃，滿足各種健身需求。無論是減脂增肌還是提升運動表現，健身房都是實現目標的理想場所。', 'ebbe77b5-315d-4c61-aaea-bd113e4badc4.jpg'),
(158, 3, 3185123, 3, '2025-01-26 04:03:38.000000', '2024-01-26 04:03:38.000000', 0, '一起鍛鍊吧', '這篇文章將深入探討如何透過科學合理的鍛煉和飲食計畫，定制一個適合自己的健身攻略。藉由合理的訓練分配，包括有氧運動和重訓，你能夠有效塑造肌肉線條，提高代謝率，同時達到減脂或增肌的目標。精心挑選的飲食方案也是成功健身的重要組成部分，讓你在體態塑造的道路上更上一層樓。', 'c325999c-9d22-49c8-a58e-e1c3e3c37cd5.jpg'),
(159, 3, 3188163, 4, '2024-01-24 14:04:31.000000', '2024-01-24 14:04:31.000000', 0, '我的健身歷程', '開啟一段健身之旅，就是迎接身體和心靈的挑戰，透過不斷的努力與堅持，你將發現自己的潛能有多大。這篇文章將引導你如何制定個人健身目標、選擇合適的運動方式，並分享克服困難和挫折的心得，讓你在健身之旅中獲得成就感和滿足感。', '308b128e-8e78-47f9-8990-d2ed103a340a.jpg'),
(160, 3, 3188122, 5, '2024-01-24 14:05:02.000000', '2024-01-24 14:05:02.000000', 0, '吃的好很重要', '飲食美學不僅僅關乎味蕾的享受，更是一場視覺、嗅覺、觸覺的藝術盛宴。這篇文章將深入探討飲食的視覺表現、擺盤藝術、食材搭配等方面，以及廚藝大師如何通過獨特手法和創意豐富我們的飲食體驗，讓我們品味美食的同時感受到飲食美學的奇妙之處。', '40c3147e-a42d-4139-99e5-bfed86a14d21.jpg'),
(161, 3, 3188166, 6, '2024-01-24 14:08:12.000000', '2024-01-24 14:08:12.000000', 0, '最近的心情', '當我們投入運動，流汗的同時，身體釋放出的內啡肽和多巴胺帶給我們愉悅感，讓運動成為一場心靈的洗禮。透過運動，我們能夠釋放壓力、提升心情，體驗到運動帶來的正向能量，成為生活中不可或缺的一部分。', '4f4d10bf-2b36-46f4-81dd-ff597cb1cf8f.jpg'),
(162, 56, 3188147, 1, '2024-01-24 14:11:12.000000', '2024-01-24 14:11:12.000000', 0, '遠離加工食品，享受天然美味', '現代生活中，加工食品愈發普及，但這些食品中常含有高鹽、高糖、高脂肪等不健康成分。因此，我們應該努力遠離這些加工食品，轉而選擇天然食材。天然食材不僅營養豐富，還有更好的口感和飽足感，有助於控制體重。這種飲食方式還能減少對人體的潛在風險，降低患上慢性疾病的可能性，為健康打下堅實基礎。', '8e03a671-df53-479d-9b1d-eb31b01a240f.jpg'),
(163, 56, 3188127, 1, '2024-01-24 14:11:52.000000', '2024-01-24 14:11:52.000000', 0, '善用膳食纖維，促進腸道健康', '膳食纖維是維持腸道健康的關鍵成分之一。它能促進腸道蠕動，預防便秘，並有助於排出體內廢物和毒素。攝取足夠的膳食纖維還能調節血糖和膽固醇水平，降低心血管疾病的風險。豐富膳食纖維的食物包括全穀類、蔬菜、水果和堅果。因此，我們應該注重飲食中纖維的攝取，建立良好的腸道環境，維護整體身體健康。\r\n', 'a943d170-d390-4d7c-bc49-8e56416bd32f.jpg'),
(164, 56, 3188199, 2, '2024-01-24 14:12:37.000000', '2024-01-24 14:12:37.000000', 0, '健康樂活一起來', '健身房不僅僅是個人鍛鍊的場所，也是社交的樂園。在這裡，你可以認識志同道合的健身愛好者，分享運動心得和養生知識。參加集體課程、小組訓練或健身活動，不僅能增進健康，還能建立友誼，讓健身變得更加有趣和充實。', '0825a3a1-6b00-452e-a911-94fffd8f016f.jpg'),
(165, 56, 3188166, 2, '2024-01-24 14:13:07.000000', '2024-01-24 14:13:07.000000', 0, '新北健身房開了耶', '對於初次踏入健身房的人來說，可能會感到有些困惑。這篇文章將為你提供一個全面的健身房指南，從選擇適合的健身房到基本的運動技巧，都一一為你解說。無論是機械訓練還是自由重訓，我們將助你輕鬆入門，讓你在健身房的世界中找到屬於自己的舞台。', 'da4e9570-59f0-4346-a454-5240c7b9d643.jpg'),
(166, 56, 3188125, 3, '2024-01-24 14:13:39.000000', '2024-01-24 14:13:39.000000', 0, '高效健身攻略全解析', '對於忙碌的現代人來說，有效利用有限的時間進行高效健身至關重要。本文將分享一系列縮時高效的運動方案，包括HIIT、超級組訓練等，幫助你在短時間內達到最佳運動效果。同時，我們也會提供簡單實用的飲食技巧，確保你在忙碌的生活中依然能夠保持健康活力。', '32894886-382c-46aa-a43b-0eab54514c7c.jpg'),
(167, 56, 3188123, 4, '2024-01-24 14:14:14.000000', '2024-01-24 14:14:14.000000', 0, '心靈與身體同步，全方位健身攻略', '健身不僅僅是鍛煉身體，更是維護心靈健康的一部分。這篇文章將深入討論如何透過冥想、瑜伽等心靈實踐，使身心得到平衡。同時，結合全面的體能訓練和科學的飲食規劃，為你提供一個全方位的健身攻略，讓你不僅擁有健康的身體，還擁有穩定的心境。', 'ce45683b-34d9-4286-addd-f960a62b4757.jpg');

-- --------------------------------------------------------

--
-- 資料表結構 `blogreply`
--

CREATE TABLE `blogreply` (
  `blogcomment_id` int(11) NOT NULL,
  `member_id` int(11) NOT NULL,
  `blogarticle_id` int(11) NOT NULL,
  `blogcomment_time` datetime(6) NOT NULL,
  `blogcomment_content` varchar(255) NOT NULL
) ENGINE=InnoDB DEFAULT CHARSET=utf8mb4 COLLATE=utf8mb4_general_ci;

--
-- 傾印資料表的資料 `blogreply`
--

INSERT INTO `blogreply` (`blogcomment_id`, `member_id`, `blogarticle_id`, `blogcomment_time`, `blogcomment_content`) VALUES
(1, 3, 133, '2025-01-08 16:38:00.000000', '這篇文章真的很有用！我現在更有動力去健身了。謝謝你的分享！'),
(2, 4, 133, '2025-01-22 09:14:00.000000', '我一直在尋找關於健身的新資訊，這篇文章提供了很多有價值的建議。'),
(3, 5, 133, '2025-02-10 12:45:00.000000', '你的訓練計畫聽起來很困難，但也很值得一試。我會開始跟著做！'),
(4, 56, 133, '2025-02-12 20:47:00.000000', '這篇文章對於新手來說非常有幫助。我剛剛開始健身，這些建議對我來說很寶貴。'),
(5, 5, 129, '2025-02-25 12:05:00.000000', '我喜歡你的營養建議，這對我來說是一個全新的視角。'),
(6, 56, 129, '2025-03-18 09:30:00.000000', '你分享的心得故事真的激勵到我了。我也希望有一天能達到你的成就！'),
(7, 57, 129, '2025-03-19 10:25:00.000000', '這個健身挑戰看起來很有趣，我會嘗試參加並看看自己能否完成。'),
(8, 58, 129, '2025-03-26 18:40:00.000000', '有關休息和恢復的部分真的很重要，我之前總是忽略它們。謝謝你提醒我！'),
(9, 3, 132, '2025-04-11 07:00:00.000000', '我一直在尋找一個適合我需求的健身計畫，這篇文章提供了很多選擇。'),
(10, 4, 132, '2025-04-22 16:15:00.000000', '健身是一項長期的投資，你的建議讓我更有信心堅持下去。'),
(11, 4, 132, '2025-04-26 05:15:00.000000', '保持活動，享受運動的樂趣。'),
(12, 56, 132, '2025-05-05 14:20:00.000000', '營養均衡是健康的基石。'),
(13, 58, 132, '2025-05-31 08:50:00.000000', '多喝水，保持身體水分。'),
(14, 58, 132, '2025-06-28 14:33:00.000000', '睡眠是恢復能量的關鍵。'),
(15, 4, 132, '2025-06-30 10:10:00.000000', '逐步增加運動強度。'),
(16, 3, 132, '2025-07-05 03:05:00.000000', '每天找時間運動。'),
(17, 6, 131, '2025-07-22 11:11:00.000000', '每一步都是向健康邁進。'),
(18, 4, 131, '2025-08-14 12:20:00.000000', '吃多種顏色的食物。'),
(19, 3, 131, '2025-08-28 15:40:00.000000', '每餐多攝取蛋白質。'),
(20, 57, 131, '2025-09-20 07:42:00.000000', '給身體充足的休息時間。'),
(21, 56, 131, '2025-09-25 18:25:00.000000', '不要低估靜坐的危害。'),
(22, 5, 131, '2025-10-09 11:40:00.000000', '聽身體的需求。'),
(23, 4, 130, '2025-10-25 21:18:00.000000', '避免糖分攝取過多。'),
(24, 3, 130, '2025-11-14 20:00:00.000000', '選擇全穀食品。'),
(25, 5, 130, '2025-11-30 16:00:00.000000', '強身健體需要規律性。'),
(26, 9, 130, '2025-12-01 05:35:00.000000', '定期進行健康檢查。'),
(27, 8, 130, '2025-12-03 09:10:00.000000', '每天都做些活動。'),
(28, 10, 128, '2026-01-03 19:45:00.000000', '力量訓練有助於骨骼健康。'),
(29, 3, 128, '2026-01-20 04:45:00.000000', '營養均衡的蔬果攝入。'),
(30, 10, 128, '2026-02-20 08:30:00.000000', '運動不僅是身體，也是心靈的鍛鍊。'),
(31, 6, 128, '2026-02-24 22:55:00.000000', '有節制地享受美食。'),
(32, 3, 127, '2026-03-25 13:55:00.000000', '每天保持活力。'),
(33, 4, 127, '2026-03-30 18:27:00.000000', '跳繩是一種快速而有效的運動。'),
(34, 1, 127, '2026-04-08 22:10:00.000000', '練習伸展和放鬆肌肉。'),
(35, 1, 127, '2026-04-20 13:37:00.000000', '適度攝取健康油脂。'),
(36, 56, 3, '2026-05-13 17:00:00.000000', '健康不僅是外在，更是內在。'),
(37, 57, 3, '2026-05-26 06:49:00.000000', '建立穩固的睡眠模式。'),
(38, 58, 3, '2026-06-17 06:22:00.000000', '多樣化的運動更有趣味性。'),
(39, 59, 3, '2026-06-29 11:15:00.000000', '選擇自然食材。'),
(40, 5, 3, '2026-06-30 10:11:00.000000', '尊重身體的極限。'),
(41, 3, 4, '2026-07-02 19:03:00.000000', '均衡攝取碳水化合物。'),
(42, 5, 4, '2026-07-22 09:35:00.000000', '運動不僅能塑造身材，也能增進健康。'),
(43, 56, 4, '2026-08-09 08:08:00.000000', '為身體提供足夠的營養。'),
(44, 57, 4, '2026-09-02 09:05:00.000000', '運動後補充足夠的蛋白質。'),
(45, 3, 5, '2026-09-12 15:55:00.000000', '健康的生活方式是長壽的關鍵。'),
(46, 4, 5, '2026-10-19 19:30:00.000000', '舒適的運動裝備有助於運動。'),
(47, 56, 5, '2026-10-27 23:59:00.000000', '關心心理健康和身體健康。'),
(48, 57, 5, '2026-11-24 04:58:00.000000', '飲食均衡是維持體重的重要因素。'),
(49, 3, 6, '2026-11-28 17:22:00.000000', '適量運動，避免過度。'),
(50, 4, 6, '2026-12-15 02:30:00.000000', '健康是最好的財富。'),
(51, 4, 3, '2024-01-17 18:07:14.000000', 'HI'),
(52, 5, 10, '2024-01-17 18:30:04.000000', '嗨'),
(53, 56, 10, '2024-01-17 18:31:03.000000', '很棒'),
(54, 5, 10, '2024-01-18 10:52:26.000000', '很棒啊'),
(55, 5, 5, '2024-01-18 10:52:45.000000', '很棒啊'),
(56, 5, 5, '2024-01-19 09:55:03.000000', '很棒啊'),
(57, 5, 3, '2024-01-19 16:31:57.000000', 'ssss'),
(58, 5, 3, '2024-01-19 16:34:58.000000', 'helllllo'),
(59, 5, 3, '2024-01-19 16:35:26.000000', 'hello'),
(60, 5, 3, '2024-01-19 16:43:41.000000', '我覺得很棒'),
(61, 5, 15, '2024-01-19 16:44:13.000000', '我覺得很棒'),
(62, 5, 15, '2024-01-19 16:44:25.000000', '真的很棒'),
(63, 56, 154, '2024-01-22 02:25:28.000000', '講得真好'),
(64, 56, 154, '2024-01-22 02:28:40.000000', '我會多參考你說的！'),
(65, 3, 154, '2024-01-22 16:39:29.000000', '很棒的文章'),
(66, 56, 158, '2024-01-24 14:24:13.000000', '我覺得你講得很棒'),
(67, 59, 158, '2024-01-24 14:25:29.000000', '看完我也想鍛鍊了'),
(68, 57, 158, '2024-01-24 14:26:55.000000', '有道理'),
(69, 57, 158, '2024-01-24 14:27:07.000000', '我也是這樣過來的'),
(70, 58, 158, '2024-01-24 14:28:06.000000', '可以請你教我嗎'),
(71, 59, 158, '2024-01-24 14:29:08.000000', '靠這樣的方式我大概瘦了10公斤'),
(72, 53, 158, '2024-01-24 14:29:59.000000', '我也想一起鍛鍊！'),
(73, 53, 158, '2024-01-24 14:30:11.000000', '能上版主的課嗎'),
(74, 52, 158, '2024-01-24 14:30:57.000000', '版主是教練嗎'),
(75, 59, 158, '2024-01-24 14:31:37.000000', '對版主是教練沒錯'),
(76, 8, 158, '2024-01-24 14:32:31.000000', '哇 好棒的健身攻略');

-- --------------------------------------------------------

--
-- 資料表結構 `brand`
--

CREATE TABLE `brand` (
  `brand_id` int(11) NOT NULL,
  `brand_name` varchar(255) NOT NULL
) ENGINE=InnoDB DEFAULT CHARSET=utf8mb4 COLLATE=utf8mb4_general_ci;

--
-- 傾印資料表的資料 `brand`
--

INSERT INTO `brand` (`brand_id`, `brand_name`) VALUES
(1, '戰神 Mars'),
(2, '果果堅果 Gopower'),
(3, '美國 ON'),
(4, 'Myprotien'),
(5, '台灣 Tryall'),
(6, 'ALLIN'),
(7, 'The Vegan');

-- --------------------------------------------------------

--
-- 資料表結構 `cert`
--

CREATE TABLE `cert` (
  `cert_id` int(11) NOT NULL,
  `cert_name` varchar(255) NOT NULL
) ENGINE=InnoDB DEFAULT CHARSET=utf8mb4 COLLATE=utf8mb4_general_ci;

--
-- 傾印資料表的資料 `cert`
--

INSERT INTO `cert` (`cert_id`, `cert_name`) VALUES
(1, 'ACE健身教練證照（ACE Personal Trainer Certification）'),
(2, 'NASM健身教練證照（NASM Certified Personal Trainer）'),
(3, 'ACSM健身教練證照（ACSM Certified Personal Trainer）'),
(4, 'AFAA有氧運動教練證照（AFAA Group Fitness Instructor Certification）'),
(5, '瑜伽聯盟瑜伽教師證照（Yoga Alliance Registered Yoga Teacher）'),
(6, '澳門國際澳門證照（Pilates International Certification）'),
(7, 'ISSA健身教練證照（ISSA Certified Fitness Trainer）'),
(8, 'IFS健身管理證照（IFS Fitness Facility Manager Certification）'),
(9, 'ACE心理健康教練證照（ACE Mental Health Coach Certification）'),
(10, 'AFPA產前和產後運動證照（AFPA Pre- and Post-Natal Fitness Specialist Certification）'),
(11, 'AEA水中運動教練證照（AEA Aquatic Fitness Professional Certification）'),
(12, 'Spinning室內自行車教練證照（Spinning Indoor Cycling Instructor Certification）'),
(13, 'TRX訓練師證照（TRX Trainer Certification）'),
(14, 'Zumba認證（Zumba Instructor Certification）'),
(15, '功能性運動證照（Functional Fitness Trainer Certification）'),
(16, '軍事健身教練證照（Military Fitness Instructor Certification）'),
(17, 'NASM-CES運動醫學專家證照（NASM-Certified Corrective Exercise Specialist）'),
(18, 'NASM-PES運動效能專家證照（NASM-Certified Performance Enhancement Specialist）'),
(19, 'ISSA-CSS肌力和體能專家證照（ISSA Certified Strength and Conditioning Specialist）'),
(20, 'NCSF肌力和體能專業證照（NCSF Certified Strength Coach）'),
(21, 'AAPT專業運動設計師證照（AAPT Certified Professional Trainer）'),
(22, 'ACE-FNS健康營養專家證照（ACE Fitness Nutrition Specialist）'),
(23, 'ACE-CPT心臟健康專家證照（ACE Certified Heart Health Coach）'),
(24, 'ACSM-CET臨床運動專業證照（ACSM Certified Clinical Exercise Physiologist）'),
(25, 'ISSA-ISSN運動營養專家證照（ISSA Certified Sports Nutrition Specialist）'),
(26, 'RYT-200瑜伽教練證照（RYT-200 Yoga Instructor Certification）'),
(27, 'NASM-WLS體重管理專家證照（NASM Weight Loss Specialist）'),
(28, 'AFAA-GFI舞蹈健身教練證照（AFAA Group Fitness Instructor）'),
(29, 'ACE-GFI有氧課程專家證照（ACE Group Fitness Instructor）'),
(30, 'AAAI-ISMA老年人健身專家證照（AAAI-ISMA Senior Fitness Specialist）'),
(31, 'NASM-GPT小組訓練專家證照（NASM Group Personal Training Specialist）'),
(32, 'ACE-ISSA擊中靶心專業證照（ACE Youth Fitness Specialist）'),
(33, 'NASM-CPTD雙重專業設計師證照（NASM Certified Dual Specialization）'),
(34, 'AFAA-WHOA！水中健身教練證照（AFAA-WHOA! Water Fitness Instructor）'),
(35, 'BCRPA冥想和冥想教師證照（BCRPA Meditation and Mindfulness Instructor）'),
(36, 'ACE-FNS健康營養專家證照（ACE Fitness Nutrition Specialist）'),
(37, 'NASM-YFS青少年健身專家證照（NASM Youth Fitness Specialist）'),
(38, 'ACSM-CPD臨床運動藥理學專業證照（ACSM Clinical Exercise Pharmacology Specialist）'),
(39, 'AEA-AFAA水中瑜伽教師證照（AEA-AFAA Aqua Yoga Instructor）'),
(40, 'ACE-ACSM心臟病康復專家證照（ACE-ACSM Cardiac Rehabilitation Specialist）'),
(41, 'NASM-CDM慢性病管理專業證照（NASM Certified Disease Management Specialist）'),
(42, 'Spinning助教證照（Spinning Assistant Instructor Certification）'),
(43, 'ACE-PFT職業健身教練證照（ACE Professional Fitness Trainer）'),
(44, 'NCCPT健身教練證照（NCCPT Certified Personal Trainer）'),
(45, 'NASM-SCS運動表現專家證照（NASM Sports Performance Specialist）'),
(46, 'ISSA-CEU職業健身訓練證照（ISSA Certified Exercise Update）'),
(47, 'NASM-NFS營養和飲食專家證照（NASM Nutrition Fitness Specialist）'),
(48, 'NCSF-PO有氧課程運動教練證照（NCSF Program Organizer）'),
(49, 'TRX-FST數字健身訓練證照（TRX Functional Strength Training）'),
(50, 'ISSA-PTP個人訓練師專業證照（ISSA Personal Trainer Professional Certification）');

-- --------------------------------------------------------

--
-- 資料表結構 `coach`
--

CREATE TABLE `coach` (
  `coach_id` int(11) NOT NULL,
  `member_id` int(11) NOT NULL,
  `intro` text NOT NULL,
  `img` varchar(255) DEFAULT NULL,
  `experience` text NOT NULL
) ENGINE=InnoDB DEFAULT CHARSET=utf8mb4 COLLATE=utf8mb4_general_ci;

--
-- 傾印資料表的資料 `coach`
--

INSERT INTO `coach` (`coach_id`, `member_id`, `intro`, `img`, `experience`) VALUES
(1, 51, '我是一位專業的健身教練，致力於幫助學員達到他們的健身目標。我相信通過科學的訓練和個性化的計劃，每個人都可以實現自己的理想體態。', NULL, '我有超過五年的健身教學經驗，曾在多家知名健身中心工作，擅長設計個人化的訓練計劃，幫助學員提升體能和健康水平。我深信運動是保持身心健康的關鍵，而我的目標就是幫助更多人享受運動的樂趣並取得成就感。'),
(2, 53, '我以關注學員的整體健康為己任，注重科學合理的運動方式。我的健身理念是結合有趣的運動，讓每一次訓練都成為學員期待的精彩體驗。', NULL, '擁有豐富的團體課程教學經驗，曾協助學員成功減重並改善體態。我對於不同年齡層的學員都有豐富的了解，能夠根據個人特點量身定制訓練方案。在我的指導下，學員不僅能夠達到健身目標，還能建立起持久的運動習慣。'),
(3, 55, '對於不同年齡層和身體狀況的學員都有豐富的教學經驗。我相信運動應該是一種快樂而可持續的生活方式，而不僅僅是達到某個體態目標。', NULL, '曾擔任企業健康管理項目的主管，協助員工保持身心健康。我的教學風格注重互動和溝通，鼓勵學員在運動中找到樂趣並建立健康的生活習慣。透過我的指導，學員不僅變得更強壯，還擁有更好的心理素質。'),
(4, 57, '我熱愛運動，相信運動可以帶給人們更好的生活品質。我的教學風格注重動態性和挑戰性，力求讓學員在訓練中獲得滿足感。', NULL, '在大學時期開始接觸健身領域，積極參與各種健身活動和比賽，培養了豐富的運動知識。我曾在不同場地和群體中工作，與學員共同成長，見證了許多人在健身旅程中的驚人進步。這也是我對健身事業充滿熱情的原因之一。'),
(5, 59, '我致力於打造一個愉快而挑戰性的健身環境，讓學員享受運動的樂趣。我相信每個人都有潛力超越自己，而我作為教練的角色就是激發和引導這種潛力。', NULL, '曾在多個健身工作坊中擔任講師，分享運動和健身的專業知識。我的教學風格強調全面性和均衡性，希望學員在訓練中同時提升力量、柔韌性和心肺耐力。在我的指導下，學員能夠享受到全面性的健康收益，並建立起穩固的運動基礎。'),
(6, 52, '嗨，我是一位女性健身教練。擁有深厚的運動科學知識和豐富的教練經驗，我致力於幫助女性實現健康目標。我以熱情和耐心聞名，並強調個性化的訓練計畫，注重有氧和重訓，同時關注營養和整體健康。透過我的指導，你不僅能擁有強健的身體，還能建立自信的心態。我相信健康是一項全方位的努力，而我將是你踏上這段旅程的支持者和引導者。期待與你一同邁向更健康的生活！', NULL, '我擁有豐富的健身教學和工作經歷，致力於協助學員實現他們的健康目標。我在運動科學領域取得了相關學位，並持有多項專業認證，包括國際健身執照和教練證書。\n\n在教學方面，我曾在知名的健身中心擔任主任教練，負責設計和實施各類課程，涵蓋有氧運動、重訓和靈活性訓練。我擁有與學員建立積極互動和個性化訓練計畫的經驗，以確保每個人都能在安全和有效的環境中達到他們的健康目標。\n\n此外，我曾參與企業和社區的健康推廣活動，舉辦健康講座和工作坊，向大眾分享養生知識和實用的運動技巧。這使我深刻理解到健身不僅僅是身體上的挑戰，更是建立健康生活方式和培養正面心態的過程。\n\n在工作經歷方面，我與各個年齡層和不同健康狀況的學員合作，積極參與他們的健身旅程。我透過持續學習和更新最新的健身知識，不斷提升自己的專業水準，以更好地服務學員和社區。我的使命是激發他人對健康的熱情，並成為他們健身旅程中的引導者和支持者。'),
(7, 1, '我是一位充滿熱情的健身教練。我致力於幫助人們實現他們的健康和體能目標。我的教練風格強調全面性，融合了有氧運動、力量訓練和靈活性的元素，以確保客戶實現身心健康的平衡。透過我的指導，你將不僅擁有更健康的生活方式，還能發現自己的潛力，挑戰自我。期待與您攜手打造更好的自己！', NULL, '我在健身界有超過8年的豐富經驗，曾在多個知名健身中心擔任主力教練。我的專業領域包括重量訓練、高強度間歇訓練和運動生理學。曾經協助過許多客戶成功減重、增肌和提升體能水平。此外，我擁有國際健身教練證書，不斷參與各種專業培訓以保持最新的健身知識。我相信透過科學合理的訓練和個性化的指導，每個人都能實現自己的健身目標。期待成為您健身旅程的引導者。'),
(8, 2, '你好，我是一位充滿熱情的健身教練，致力於幫助客戶實現健康和體能目標。我強調個性化的訓練計劃，根據每個人的需求和目標量身定制。透過我的指導，你不僅能提升體能水平，還能養成健康的生活習慣。我相信健身不僅是一種運動，更是一種生活方式，希望能與你一同踏上健康之路。', NULL, '我擁有超過6年的健身教練經驗，曾在不同環境中工作，包括私人健身房和企業健康計劃。在這期間，我成功地幫助過客戶減重、增肌、改善體能和克服各種身體挑戰。我熟悉多種訓練方法，包括高效的全身運動和靈活性提升。透過持續學習和更新我的知識，我致力於為客戶提供最專業和個性化的健身指導。期待與您攜手實現健康目標！'),
(9, 3, '你好，我是一位經驗豐富的健身教練，致力於幫助客戶實現全面的健康轉變。透過結合有氧運動、力量訓練和飲食建議，我助您打破自己的極限，提升身心健康。我的訓練風格注重科學性和實用性，希望能幫助您擁有更強健的身體和更健康的生活。期待與您一同創造持久的健康成就。', NULL, '我在健身行業擁有超過10年的豐富經驗，曾在各種環境中工作，包括高級健身俱樂部和專業運動團隊。我以協助客戶減輕體重、增加肌肉質量、提升運動表現而聞名。擁有國際健身教練協會（ISSA）認證，並持續參與行業的專業培訓。我相信透過科學的方法和堅定的決心，每個人都能實現自己的健康目標。'),
(10, 4, '嗨，我是一位專業的健身教練，致力於幫助您達成健康和體能目標。我相信健康是一種綜合的狀態，需要全面的努力。我的訓練理念強調持久性和可持續性，以確保您能長期受益於健身活動。無論您是初學者還是有經驗者，我都樂意提供專業的指導和支持。期待與您一同建立健康、活力的生活方式。', NULL, '我在健身領域有超過7年的豐富經驗，曾在不同的健身中心和健身活動中擔任主力教練。我以設計個性化的訓練計劃、注重技術指導和提供有效的健身建議而自豪。曾協助客戶實現減重、增肌、提升靈活性等多項目標。持有國際運動科學學會（ACSM）認證，致力於不斷提升自己的專業水平。');

-- --------------------------------------------------------

--
-- 資料表結構 `coach_cert_relation`
--

CREATE TABLE `coach_cert_relation` (
  `coach_cert_id` int(11) NOT NULL,
  `coach_id` int(11) NOT NULL,
  `cert_id` int(11) NOT NULL,
  `img` varchar(255) DEFAULT NULL
) ENGINE=InnoDB DEFAULT CHARSET=utf8mb4 COLLATE=utf8mb4_general_ci;

--
-- 傾印資料表的資料 `coach_cert_relation`
--

INSERT INTO `coach_cert_relation` (`coach_cert_id`, `coach_id`, `cert_id`, `img`) VALUES
(1, 1, 13, ''),
(2, 1, 14, ''),
(3, 1, 30, ''),
(4, 1, 7, ''),
(5, 1, 45, ''),
(6, 2, 4, ''),
(7, 2, 33, ''),
(8, 2, 5, ''),
(9, 2, 26, ''),
(10, 2, 12, ''),
(11, 3, 31, ''),
(12, 3, 22, ''),
(13, 3, 13, ''),
(14, 3, 50, ''),
(15, 3, 10, ''),
(16, 4, 1, ''),
(17, 4, 25, ''),
(18, 4, 21, ''),
(19, 4, 28, ''),
(20, 4, 25, ''),
(21, 5, 44, ''),
(22, 5, 41, ''),
(23, 5, 26, ''),
(24, 5, 4, ''),
(25, 5, 42, ''),
(26, 6, 17, NULL),
(27, 6, 24, NULL),
(28, 6, 29, NULL),
(29, 6, 31, NULL),
(30, 6, 29, NULL),
(31, 7, 28, NULL),
(32, 7, 29, NULL),
(33, 7, 21, NULL),
(34, 7, 17, NULL),
(35, 7, 20, NULL),
(36, 6, 1, NULL),
(37, 8, 1, NULL),
(38, 8, 12, NULL),
(39, 8, 24, NULL),
(40, 8, 35, NULL),
(41, 8, 42, NULL),
(42, 9, 5, NULL),
(43, 9, 19, NULL),
(44, 9, 28, NULL),
(45, 9, 38, NULL),
(46, 9, 45, NULL),
(47, 10, 3, NULL),
(48, 10, 15, NULL),
(49, 10, 22, NULL),
(50, 10, 33, NULL),
(51, 10, 40, NULL);

-- --------------------------------------------------------

--
-- 資料表結構 `coupon`
--

CREATE TABLE `coupon` (
  `coupon_id` int(11) NOT NULL,
  `name` varchar(255) NOT NULL
) ENGINE=InnoDB DEFAULT CHARSET=utf8mb4 COLLATE=utf8mb4_general_ci;

--
-- 傾印資料表的資料 `coupon`
--

INSERT INTO `coupon` (`coupon_id`, `name`) VALUES
(1, '器材類商品85折優惠卷'),
(2, '新會員商品優惠100元'),
(3, '60元運費抵用卷');

-- --------------------------------------------------------

--
-- 資料表結構 `coupon_record`
--

CREATE TABLE `coupon_record` (
  `sid` int(11) NOT NULL,
  `member_id` int(11) NOT NULL,
  `coupon_id` int(11) NOT NULL,
  `status` varchar(255) NOT NULL
) ENGINE=InnoDB DEFAULT CHARSET=utf8mb4 COLLATE=utf8mb4_general_ci;

--
-- 傾印資料表的資料 `coupon_record`
--

INSERT INTO `coupon_record` (`sid`, `member_id`, `coupon_id`, `status`) VALUES
(7, 56, 3, '未使用');

-- --------------------------------------------------------

--
-- 資料表結構 `course`
--

CREATE TABLE `course` (
  `course_id` int(11) NOT NULL,
  `name` varchar(255) NOT NULL,
  `intro` text NOT NULL,
  `coach_id` int(11) NOT NULL,
  `price` int(11) NOT NULL,
  `score` decimal(10,1) DEFAULT NULL,
  `gym_name` varchar(255) DEFAULT NULL,
  `gym_address` varchar(255) DEFAULT NULL,
  `updated_at` datetime NOT NULL,
  `created_at` datetime NOT NULL,
  `is_published` tinyint(4) NOT NULL,
  `course_img` varchar(255) DEFAULT NULL
) ENGINE=InnoDB DEFAULT CHARSET=utf8mb4 COLLATE=utf8mb4_general_ci;

--
-- 傾印資料表的資料 `course`
--

INSERT INTO `course` (`course_id`, `name`, `intro`, `coach_id`, `price`, `score`, `gym_name`, `gym_address`, `updated_at`, `created_at`, `is_published`, `course_img`) VALUES
(28, '老人復健訓練', '一對一的康復課程，專為尊貴的長者度身訂製。專業教練提供個別指導，融合有氧運動、肌力訓練及靈活性練習，以提高身體機能。在舒適環境中，我們致力於滿足您獨特的康復需求，讓每一位學員享受安全、有效的康復之旅。期盼與您攜手邁向更健康的人生！', 2, 890, 4.5, '桑富士健身房', '103台北市大同區平陽街29號', '2024-01-07 13:53:42', '2024-01-07 13:50:10', 1, 'e25d4b61-c4b7-483b-905d-1545a5ef42cb.jpg'),
(29, '獨家重量塑形', '歡迎參與「獨家重量塑形」一對一訓練，專為追求肌肉塑造的您度身定制。由專業教練提供個別化指導，深度了解您的身體狀況和目標，打造專屬的重量訓練計畫。透過精準的動作指導和定期評估，我們致力於最大化效益，助您達到理想體態。這不僅是一堂訓練課，更是一場個人化的健身之旅，期待與您攜手共創強健身體的美好旅程！', 2, 790, 3.0, '桑富士健身房', '103台北市大同區平陽街29號', '2024-01-07 13:59:19', '2024-01-07 13:59:19', 1, '6118ba73-2658-45f9-8af2-d061c1fd4b94.jpg'),
(30, '女性專屬健美之旅', '歡迎踏上「女性專屬健美之旅」，這是為追求健康、活力的女性度身打造的專業健身課程。我們結合有氧運動、強度訓練和核心鍛鍊，旨在提高代謝率、塑造身材並增進整體健康。\n\n由專業女性教練一對一指導，根據個體需求設計訓練計畫，強調健康、穩健的鍛鍊方式。在舒適的環境中，我們致力於建立正面的身心連結，讓您在愉快的氛圍中享受運動的樂趣。\n\n無論是塑造身形、增強體力，或提高活力，我們的課程將助您實現個人的健美目標。加入我們，一同迎接健康女性的全新挑戰！', 6, 690, 3.5, '桑富士健身房', '103台北市大同區平陽街29號', '2024-01-07 14:11:02', '2024-01-07 14:09:49', 1, 'f974cbec-b0fb-4653-8169-1c701dc16658.jpg'),
(31, '新手基礎重訓', '這是專為初次接觸重訓的您度身訂製的課程。我們的目標是提供安全、有效的指導，幫助您建立健康的運動習慣並逐步發展強健體態。\r\n\r\n由專業教練一對一指導，我們將教授您正確的訓練姿勢和使用設備的技巧。課程包括基礎的肌力訓練、核心強化和全身柔軟度的提升。這個旅程將幫助您逐漸適應重訓，並建立起更強壯、健康的身體。\r\n\r\n無論您的目標是增加肌肉質量、提升代謝率，或者只是想擁有更健康的生活方式，我們將提供量身定制的新手重訓計畫，為您打造一個堅實的健身基礎。現在就開啟您的重訓之旅吧！', 9, 790, 4.6, '專注健身工作室 kyuiteryu', '新北市板橋區文化路一段266號B1', '2024-01-07 14:13:23', '2024-01-07 14:13:23', 1, '068d5eed-35f8-4a6a-96c2-1aacd97f2b68.jpg'),
(32, '多功能全面訓練探索', '歡迎參與「多功能全面訓練探索」，這是一門旨在挑戰您身體極限的全方位健身課程。我們將結合各種訓練方法，包括有氧運動、肌力訓練、敏捷度和靈活性提升，打造一個集多功能性於一身的全面訓練計畫。\n\n由專業教練一對一指導，我們將根據您的目標和身體狀況設計個人化的訓練方案。這個課程不僅強調身體各個方面的均衡發展，更鼓勵您挑戰自己的極限，提升身體的多功能性和適應性。\n\n無論您是追求全面的體能提升、增加身體的功能性，還是想要挑戰自己的極限，我們的多功能全面訓練將成為您達成目標的最佳選擇。現在就一同踏上這場全方位健身之旅吧！', 3, 990, 5.0, '桑富士健身房', '103台北市大同區平陽街29號', '2024-01-07 14:15:33', '2024-01-07 14:15:33', 1, 'b48be131-2406-4181-9b39-e52cec6c5737.jpg'),
(33, '多功能強健全方位訓練', '這是一門注重多方面身體發展的全能健身課程。我們將結合各項多功能訓練，包括有氧耐力、肌肉力量、核心穩定性和靈活度，打造出一個全面提升身體素質的綜合訓練計畫。\n\n由經驗豐富的教練提供一對一指導，訓練計畫將根據您的個人需求和目標量身打造。這個課程不僅強調身體各部位的均衡發展，更著重提升整體運動表現和功能性。\n\n無論您是追求全方位的體能進化、提升身體適應性，還是尋求挑戰自我極限，我們的多功能強健全方位訓練課程將為您打開通向健康全新境界的大門。現在就踏上這場綜合訓練的旅程，為更強壯的自己而努力吧！', 4, 790, 5.0, '桑富士健身房', '103台北市大同區平陽街29號', '2024-01-07 14:18:14', '2024-01-07 14:18:14', 1, '4b2c965d-a15e-4b5d-be59-87600990e673.jpg'),
(34, '專業重量訓練', '歡迎參與「專業重量訓練」，這是為追求肌肉力量和體能提升的個人訓練課程。我們將專注於重量訓練技巧和高效的肌肉發展，以達到雕塑身材和增強身體功能的目標。\n\n由專業教練提供一對一指導，課程將根據您的體能水平和目標量身打造。透過適切的訓練計畫和技巧指導，我們致力於最大化每一次訓練的效果，讓您在安全的環境中達到更強健的身體。\n\n無論您是追求增加肌肉量、提升力量，或者只是想要擁有更健康的身體，我們的專業重量訓練課程將為您打開通往體能巔峰的大門。現在就一同展開這段重量訓練之旅，體驗肌力和體能的全新境界吧！', 5, 990, 4.0, '桑富士健身房', '103台北市大同區平陽街29號', '2024-01-07 14:20:36', '2024-01-07 14:20:36', 1, 'a6a95690-4517-448e-951f-a32c0f60c6c6.jpg'),
(35, '全面復健身體進階', '歡迎參與「全面復健身體進階」，這是為追求身體全方位康復和進階挑戰的課程。我們結合了復健運動、核心強化、有氧訓練和靈活性提升，旨在進一步提高身體的功能性和整體健康。\n\n由經驗豐富的復健教練一對一指導，課程將根據您的個人需求和康復進度度身訂製。我們注重身體各部分的均衡發展，幫助您克服運動障礙，同時挑戰更高的運動目標。\n\n無論您是正在康復中，或者希望進一步提升身體功能和運動表現，我們的全面復健身體進階課程將為您提供最專業的支持和挑戰。現在就開啟這段全方位康復的新旅程，迎接更強韌的自己！', 4, 1000, 4.0, '桑富士健身房', '103台北市大同區平陽街29號', '2024-01-07 14:24:23', '2024-01-07 14:24:23', 1, '2d7bc2f5-c5f6-43d2-a57f-e40680abbec1.jpg'),
(36, '女性魅力塑身計畫', '歡迎參與「女性魅力塑身計畫」，這是為注重健康美麗的女性度身訂製的健身課程。我們結合有氧運動、核心訓練和靈活性練習，旨在打造健康、有活力且線條分明的身形。\n\n由專業女性教練提供一對一指導，課程將根據您的健康目標和身體特質量身定制。我們關注身體的線條塑造和整體健康，同時提供正面的心靈引導，助您建立自信，散發女性魅力。\n\n無論您是追求塑造曲線、提升體態，或者只是想要擁有更健康、有自信的生活，「女性魅力塑身計畫」將為您量身打造一個兼具效果和愉悅的健身體驗。現在就一同啟動這場女性魅力的健身之旅吧！', 6, 790, 5.0, '桑富士健身房', '103台北市大同區平陽街29號', '2024-01-07 14:25:55', '2024-01-07 14:25:55', 1, 'b035c411-4d80-4aa3-a0e1-9bfa821ffe9f.jpg'),
(37, '全能強健多功能訓練', '歡迎加入「全能強健多功能訓練」，這是專為追求全面體能提升和身體強化的課程。我們融合多種訓練方式，包括有氧耐力、肌力強化、核心穩定性和靈活性練習，打造一個全面提高身體素質的多功能訓練計畫。\n\n由經驗豐富的教練提供一對一指導，課程將根據您的個人需求和目標進行度身訂製。這個課程不僅注重身體各部分的均衡發展，更著重提升整體運動表現和功能性。\n\n無論您是追求全方位的體能進化、提升身體適應性，還是尋求挑戰自我極限，「全能強健多功能訓練」將為您提供最完整的訓練體驗，助您達到身體的巔峰狀態。現在就踏上這場全面強健的多功能訓練之旅，體驗身體的全新巔峰吧！', 1, 1200, 3.5, '桑富士健身房', '103台北市大同區平陽街29號', '2024-01-07 14:28:16', '2024-01-07 14:28:16', 1, '6963332e-dbb8-4222-b9a7-5c57a2d013da.jpg'),
(38, '陽光歲月康復之旅', '歡迎參與「陽光歲月康復之旅」，這是為尊敬的長者度身訂製的康復課程。我們以柔和的有氧運動、肌力訓練和靈活性提升為基礎，旨在促進身體功能、改善關節靈活度，同時提升整體健康。\n\n由專業康復教練一對一指導，課程將根據個體健康狀況制定合適的康復計畫。我們注重安全、溫和的訓練方式，旨在提供舒適且有成效的康復體驗。\n\n無論您是康復中的長者，或者想要維持身體靈活性，「陽光歲月康復之旅」將成為您迎接更健康、更愉快生活的最佳夥伴。現在就加入我們，一同邁向陽光歲月的康復之旅吧！', 2, 890, 3.0, '桑富士健身房', '103台北市大同區平陽街29號', '2024-01-07 14:31:41', '2024-01-07 14:31:41', 1, 'a8a7d44f-9913-46d5-a93c-95e370d8cf22.jpg'),
(39, '多功能有氧塑形課程', '這是一門結合多樣有氧運動的課程，旨在全面塑造身材、提升心肺功能和增進整體健康。透過有氧運動的多樣性，我們將為您打造全面性的健身體驗。\n\n由專業教練提供一對一指導，課程將根據您的身體狀況和目標制定個人化的有氧塑形計畫。課程涵蓋了跳舞、有氧循環、舉重等多種元素，以確保您在充滿活力的氛圍中享受運動的樂趣。\n\n無論您是追求身材線條、提升心肺功能，還是尋求全面性的有氧訓練，「全能多功能有氧塑形」將成為實現您健身目標的最佳選擇。現在就一同啟動這場全方位有氧之旅，挑戰自我極限，迎接更健康的您！', 3, 900, 4.5, '桑富士健身房', '103台北市大同區平陽街29號', '2024-01-07 14:34:45', '2024-01-07 14:33:26', 1, '86ddcc86-d306-4676-8988-6297fb8e5e7f.jpg'),
(40, '心肺強化有氧運動', '加入「心肺強化有氧運動」，這是專為提升心肺功能而設計的課程。我們結合多種有氧運動，包括快步走、慢跑和跳繩等，以促進心肺系統的效能，同時燃燒卡路里，提高體能水平。\n\n由經驗豐富的教練提供一對一指導，課程將依據您的健身水平和目標制定度身訂製的有氧運動計畫。透過正確的運動技巧和持之以恆的訓練，我們將幫助您達到更好的心肺健康和體能表現。\n\n無論您是希望增進耐力、減輕壓力，還是提高整體心肺健康，「心肺強化有氧運動」將是您實現目標的理想選擇。立即投入這場提升心肺功能的健康之旅，迎接更活力的自己！', 4, 890, 5.0, '桑富士健身房', '103台北市大同區平陽街29號', '2024-01-07 14:38:16', '2024-01-07 14:38:16', 1, '8642d73a-2607-4a33-a751-e9740963ddbe.jpg'),
(41, '力量雕塑重訓計畫', '這是一門專注於增強肌肉力量和雕塑身形的個人訓練課程。透過科學有效的重訓技巧，我們致力於打造強健、有力的身體，同時提升整體健康水平。\n\n由專業教練提供一對一指導，課程將根據您的身體狀況和健身目標制定個人化的重訓計畫。這包括了適當的肌力訓練、重量控制和休息間隔，以確保您在安全的環境中取得最佳的訓練效果。\n\n無論您是追求增肌、塑造身形，還是提升整體體能，「力量雕塑重訓計畫」將助您挑戰極限，達到更健康、更強壯的身體。立即開始這段力量雕塑之旅，迎接您的新健康巔峰！', 5, 990, 4.8, '桑富士健身房', '103台北市大同區平陽街29號', '2024-01-07 14:40:03', '2024-01-07 14:40:03', 1, '071319a6-a0c0-4b30-8539-db9848534471.jpg'),
(42, '新手健身課程', '這是為初次接觸健身的您度身訂製的課程。我們將引導您逐步了解健身的基本概念，並提供安全有效的訓練，助您建立健康的運動習慣。\n\n由專業教練提供一對一指導，課程將注重教授正確的運動姿勢、基礎肌力訓練和有氧運動。無論您是希望增加活動量、提升體能，還是純粹享受運動的樂趣，這個課程都將為您提供良好的起點。', 1, 590, 4.0, '桑富士健身房', '103台北市大同區平陽街29號', '2024-01-07 14:41:48', '2024-01-07 14:41:48', 1, '28b77cb3-8139-4092-9695-ff545c141217.jpg'),
(43, '平衡瑜伽課程', '這是為追求身心靈平衡的您度身訂製的瑜伽課程。我們將結合呼吸調控、體位法和冥想，提供一個全面性的瑜伽體驗，旨在促進身體靈活性、減壓和內在平靜。\n\n由專業瑜伽教練提供一對一指導，課程將根據您的需求和程度設計獨特的瑜伽流。透過流動的動作和深度伸展，我們將引導您探索身體的潛力，同時培養內在的寧靜。\n\n「平衡瑜伽課程」不僅是一堂瑜伽課，更是一場身心靈的冒險。加入我們，一同享受在宁靜中尋找平衡的旅程，迎接更健康、更富活力的生活！', 1, 990, 5.0, '桑富士健身房', '103台北市大同區平陽街29號', '2024-01-07 14:44:13', '2024-01-07 14:44:13', 1, '1d9b94a0-abf9-46a2-a2df-3d0751834de8.jpg'),
(44, '高階強化重訓挑戰', '踏上「高階強化重訓挑戰」，這是為追求極致肌力和體能提升的專業課程。我們將深入探討先進的重訓技巧，結合高強度的肌力訓練，挑戰您的身體極限，達到更高的運動水平。\n\n由專業教練提供一對一指導，課程將根據您的身體狀況和挑戰目標制定個人化的高階重訓計畫。這包括複雜的訓練動作、負重訓練和高效的休息間隔，以確保您在極致挑戰中獲得最佳效果。\n\n無論您是追求極致肌力、提升運動表現，還是挑戰個人極限，「高階強化重訓挑戰」將成為您體能進階的最佳選擇。現在就迎接這場肌力與耐力的極致挑戰，發現您身體的不可思議潛力吧！', 2, 1090, 4.1, 'MAX健身俱樂部 北屯店', '臺中市北屯區軍福十九路1號', '2024-01-07 14:45:49', '2024-01-07 14:45:49', 1, 'e734480b-e045-4686-bf20-b03840353c9c.jpg'),
(45, '初學者塑形增肌減脂', '這是為初次踏入健身領域，希望同時增肌減脂的您度身訂製的課程。我們將結合科學有效的肌肉訓練和有氧運動，打造一個全面性的健身計畫，旨在雕塑身形、提升代謝。\n\n由專業教練提供一對一指導，課程將針對您的身體狀況和目標，設計個人化的增肌減脂計畫。這包括了適當的重量訓練、有氧運動和營養建議，以協助您達到塑形、增肌、減脂的目標。\n\n無論您是希望轉變身形、提高代謝，還是追求整體身心健康，「初學者塑形增肌減脂」將是您開啟全新健身旅程的理想起點。現在就開始這場健身之旅，體驗健康與活力的蛻變吧！', 3, 990, 4.5, '芳鄰健身', '台北市文山區羅斯福路六段130號', '2024-01-07 14:47:40', '2024-01-07 14:47:40', 1, 'e3b1d242-f17d-4637-a27e-e60a783b7316.jpg'),
(46, '全方位多功能訓練', '這是一門注重全面身體發展的課程。我們將融合各種訓練方法，包括有氧耐力、肌肉力量、核心穩定性和靈活度，為您打造一個全方位、多功能的訓練體驗。\n\n由經驗豐富的教練提供一對一指導，課程將根據您的個人需求和目標進行度身訂製。這個課程不僅強調身體各部位的均衡發展，更著重提升整體運動表現和功能性。\n\n無論您是追求全方位的體能進化、提升身體適應性，還是尋求挑戰自我極限，「全方位多功能訓練」將為您提供最完整的訓練體驗，助您達到身體的巔峰狀態。現在就踏上這場全面強健的多功能訓練之旅，體驗身體的全新巔峰吧！', 4, 890, 4.3, '麥克叔叔訓練中心', '新北市永和中正路316號B1', '2024-01-07 14:49:36', '2024-01-07 14:49:36', 1, '34970a99-1b0d-4d3e-b79b-6c970fd84ef7.jpg'),
(47, '入門全擊體驗', '想要在擊拳的世界展開你的冒險嗎？不論你是新手還是有些基礎，我們的「入門全擊初體驗」課程將為你提供一場令人興奮的擊拳初體驗。這門課程適合所有程度的學員，旨在教授正確的擊拳姿勢、基本的擊拳技巧和防禦動作。\n\n在這堂課中，你將學到如何有效地使用你的手部和腳部，提高身體的協調性，同時增強心肺耐力。我們的教練團隊將帶領你逐步進入擊拳的世界，並提供個性化的指導，確保每個學員都能安全而有效地進行訓練。\n\n這不僅是一個挑戰，更是一個激動人心的旅程，讓你感受到擊拳的力量和樂趣。無論你是追求全面鍛煉還是想要釋放壓力，「入門全擊初體驗」都將成為你健身路上的亮點。加入我們，一起開啟全新的擊拳之旅！\n', 7, 890, 5.0, 'ENERGY健身俱樂部-蘆洲館', '新北市蘆洲區中正路123號B1', '2024-01-20 23:31:35', '2024-01-20 23:31:35', 1, '7b7344d3-7e3f-419e-ab14-931271e212ab.jpg'),
(48, '自由瑜伽課程', '這是一場讓你在瑜伽練習中找到自己節奏的課程。這是一個適合所有瑜伽愛好者的場所，無論你是初學者還是有一定瑜伽基礎。\n\n在這堂課中，我們鼓勵學員在瑜伽練習中發揮自由度，選擇適合自己的瑜伽動作，呼吸方式和冥想形式。這個課程將包括各種基本的瑜伽姿勢和流瑜伽，同時提供空間讓每位學員根據自己的需要進行調整和改變。\n\n我們的瑜伽導師將提供正確的技巧和姿勢指導，同時鼓勵學員在練習中找到身心靈的自由。這不僅是一場鍛煉，更是一個讓你在瑜伽中找到自由感的旅程。\n\n加入我們，一同探索「自由瑜伽課程」，讓瑜伽成為你自在、自由的生活方式的一部分。', 6, 790, 4.5, 'Start Fitness', '台北市大安區金山南路二段134號', '2024-01-20 23:37:26', '2024-01-20 23:37:26', 1, 'bb65031c-c42f-43b4-a8e3-672b5f7511dd.jpg'),
(49, '減脂基礎訓練', '「減脂基礎訓練」是一門針對減脂目標設計的實用健身課程，適合所有希望有效減脂的健身者參與。無論你是初學者還是有一定運動基礎，都能從這門課程中受益。\n\n在這堂課中，我們將著重於基礎的有氧運動、輕度的全身力量訓練和核心訓練，以促進脂肪燃燒和基礎代謝率的提升。課程內容還包括營養知識的分享，幫助你建立一個均衡的飲食計劃，達到更好的減脂效果。\n\n我們的教練將提供詳細的動作指導和個人化建議，確保學員在課程中安全、有效地進行運動。「減脂基礎訓練」旨在幫助你培養良好的運動習慣，並在減脂過程中建立健康的生活方式。\n\n加入我們，一同踏上減脂的基礎訓練之旅，實現更健康的身體！', 8, 1090, 5.0, '三重槓鈴', '新北市三重區重安街56號', '2024-01-20 23:41:33', '2024-01-20 23:41:33', 1, 'd1dca0ce-d1ce-47cd-a542-3954ca32206c.jpg'),
(50, '強化核心重訓', '這是一門專注於提升身體核心力量的重量訓練課程。無論你是新手還是有一定的訓練經驗，這門課程都將引導你通過科學有效的方式，發展更強大的核心肌群。\n\n在這堂課中，我們將聚焦於多樣性的核心訓練動作，包括舉重、啞鈴運動、和身體懸吊訓練。這些練習不僅能夠強化腹部肌肉，還能提升身體的整體穩定性和平衡感。課程中還將結合全身力量訓練，以促進整體肌肉的發展。\n\n我們的教練將提供詳盡的技術指導，協助你確保動作的正確性，同時提供個性化的建議，以滿足不同參與者的需求。「強化核心重訓」旨在讓你在健身旅程中培養強壯的核心，提高身體的功能性。\n\n加入我們，一同挑戰「強化核心重訓」，打造更強勁的身體結構！', 9, 1100, 4.0, 'Somebody Fitness 建國店', '台北市中山區建國北路一段38號B1', '2024-01-20 23:46:45', '2024-01-20 23:46:45', 1, '06546c28-20ee-46ad-a5aa-ac0690ef77b8.jpg'),
(51, '全面健身進階訓練', '這是一門面向具備一定健身基礎的學員的進階訓練課程。無論你是想要挑戰自己、提高身體素質，還是尋找更多元化的訓練方式，這門課程都將滿足你的期望。\n\n在這堂課中，我們將融合高強度間歇訓練（HIIT）、全身力量訓練和靈活性訓練，全面提升你的身體素質。課程內容設計靈活，包括各種挑戰性的運動，旨在激發你的潛力並推動你的健身極限。\n\n我們的教練將提供專業的動作指導和訓練建議，確保你在挑戰中保持安全。「全面健身進階訓練」不僅將挑戰你的身體，還將促使你在訓練中找到樂趣和成就感。\n\n加入我們，一同迎接「全面健身進階訓練」，讓健身成為你更強大、更健康的生活方式！\n', 10, 1190, 3.5, '啟動健身房 五權館', '台中市北區五權路375號11樓', '2024-01-20 23:55:31', '2024-01-20 23:55:31', 1, '45cc97d6-bdc7-4f42-962e-e99e94de16c5.jpg');

-- --------------------------------------------------------

--
-- 資料表結構 `course_favorite`
--

CREATE TABLE `course_favorite` (
  `favorite_id` int(11) NOT NULL,
  `member_id` int(11) NOT NULL,
  `course_id` int(11) NOT NULL
) ENGINE=InnoDB DEFAULT CHARSET=utf8mb4 COLLATE=utf8mb4_general_ci;

--
-- 傾印資料表的資料 `course_favorite`
--

INSERT INTO `course_favorite` (`favorite_id`, `member_id`, `course_id`) VALUES
(4, 56, 39),
(5, 56, 40),
(7, 56, 45),
(10, 53, 45),
(11, 53, 41),
(15, 56, 41),
(18, 56, 49),
(19, 56, 50),
(20, 56, 47),
(21, 56, 32);

-- --------------------------------------------------------

--
-- 資料表結構 `course_purchase`
--

CREATE TABLE `course_purchase` (
  `purchase_id` int(11) NOT NULL,
  `course_datetime` datetime NOT NULL,
  `course_id` int(11) NOT NULL,
  `member_id` int(11) NOT NULL,
  `order_id` varchar(255) DEFAULT NULL,
  `status` varchar(255) NOT NULL,
  `score` decimal(10,1) DEFAULT NULL,
  `course_comment` varchar(255) DEFAULT NULL,
  `comment_time` datetime DEFAULT NULL,
  `purchase_time` datetime NOT NULL
) ENGINE=InnoDB DEFAULT CHARSET=utf8mb4 COLLATE=utf8mb4_general_ci;

--
-- 傾印資料表的資料 `course_purchase`
--

INSERT INTO `course_purchase` (`purchase_id`, `course_datetime`, `course_id`, `member_id`, `order_id`, `status`, `score`, `course_comment`, `comment_time`, `purchase_time`) VALUES
(10, '2024-01-11 16:00:00', 46, 51, '12ef0c7d-0a1d-4a0b-bdd8-55619766602c', '已完成', 4.5, '教練教學認真，學到很多', '2024-01-07 15:03:03', '2024-01-07 15:01:58'),
(11, '2024-01-11 18:00:00', 46, 53, '3423bc01-1d7c-41c4-917e-2e7806ae1b19', '已完成', 5.0, '教練教學認真', '2024-01-07 15:06:41', '2024-01-07 15:06:20'),
(12, '2024-01-06 11:00:00', 46, 59, 'f1a39507-4b0a-4d53-9cc4-2dfec934d238', '已完成', 3.0, '教練需要再更細心', '2024-01-07 15:08:58', '2024-01-07 15:08:31'),
(13, '2024-01-11 17:00:00', 45, 56, '203329cd-4a94-4ee9-8deb-e2dbfbdffd47', '已完成', 4.0, '教練很帥!!', '2024-01-09 12:47:45', '2024-01-07 15:14:15'),
(14, '2024-01-02 10:00:00', 42, 56, 'd62a279f-c0b4-4372-b984-58d9307ab78e', '已完成', 4.0, '教的很用心', '2024-01-07 16:12:38', '2024-01-07 16:12:16'),
(41, '2024-01-12 16:00:00', 44, 56, 'FYT1704678651272', '已完成', 4.0, '兩週就瘦了三公斤！！！', NULL, '2024-01-08 09:50:51'),
(45, '2024-01-11 18:00:00', 45, 56, 'FYT1704784518794', '已完成', 5.0, '學到很多，教練很有耐心', NULL, '2024-01-09 15:15:18'),
(51, '2024-01-27 14:00:00', 41, 56, 'FYT1704894527441', '已預約', 4.5, '教練很用心!!', '2024-01-11 09:45:17', '2024-01-10 21:48:47'),
(60, '2024-02-09 18:00:00', 46, 56, 'FYT1705496234305', '未確認預約', NULL, NULL, NULL, '2024-01-17 20:57:14'),
(61, '2024-01-24 11:00:00', 36, 56, 'FYT1705626953200', '已完成', 4.5, '學到很多', '2024-01-21 21:58:13', '2024-01-19 09:15:53'),
(62, '2024-01-20 19:00:00', 44, 53, 'FYT1705628578292', '已完成', NULL, NULL, NULL, '2024-01-19 09:42:58'),
(69, '2024-01-20 15:00:00', 34, 56, 'FYT1705640470341', '已完成', 4.5, '超專業！！', '2024-01-21 16:20:16', '2024-01-19 13:01:10'),
(71, '2024-02-08 17:00:00', 36, 56, 'FYT1705647371423', '未確認預約', NULL, NULL, NULL, '2024-01-19 14:56:11'),
(73, '2023-11-01 17:00:00', 51, 54, 'FYT1705766675145', '已完成', 3.5, '遲到給差評，還好教學還算認真', '2024-01-21 00:44:55', '2024-01-21 00:04:35'),
(74, '2023-11-02 17:00:00', 50, 54, 'FYT1705766707759', '已完成', 4.0, '效果很好，進步很多', '2024-01-21 00:44:52', '2024-01-21 00:05:07'),
(75, '2023-11-03 17:00:00', 49, 54, 'FYT1705766726306', '已完成', 5.0, '教練很細心地從基礎開始教，學到非常多，還會繼續購買課程！！', '2024-01-21 00:44:49', '2024-01-21 00:05:26'),
(76, '2023-11-04 17:00:00', 48, 54, 'FYT1705766753319', '已完成', 4.5, '讓人感到身心放鬆的課程～', '2024-01-21 00:44:47', '2024-01-21 00:05:53'),
(77, '2023-11-05 17:00:00', 47, 54, 'FYT1705766796677', '已完成', 5.0, '非常累！第一天上完就全身痠痛，但效果超棒！！', '2024-01-21 00:44:45', '2024-01-21 00:06:36'),
(78, '2023-11-06 17:00:00', 46, 54, 'FYT1705766802562', '已完成', 4.0, '', '2024-01-21 00:44:42', '2024-01-21 00:06:42'),
(79, '2023-11-07 17:00:00', 45, 54, 'FYT1705766808727', '已完成', 4.5, '教練每個動作都非常細心的指導，讚！！', '2024-01-21 00:44:40', '2024-01-21 00:06:48'),
(80, '2023-11-08 17:00:00', 44, 54, 'FYT1705766814739', '已完成', 4.0, '強度非常高，適合有一定基礎的人', '2024-01-21 00:44:37', '2024-01-21 00:06:54'),
(81, '2023-11-09 17:00:00', 43, 54, 'FYT1705766827391', '已完成', 5.0, '用互動遊戲式的體驗健身，非常棒！！', '2024-01-21 00:51:48', '2024-01-21 00:07:07'),
(82, '2023-11-01 17:00:00', 42, 58, 'FYT1705767400092', '已完成', 4.0, '', '2024-01-21 00:42:49', '2024-01-21 00:16:40'),
(83, '2023-11-02 17:00:00', 41, 58, 'FYT1705767443164', '已完成', 5.0, '', '2024-01-21 00:42:44', '2024-01-21 00:17:23'),
(84, '2023-11-03 17:00:00', 40, 58, 'FYT1705767451153', '已完成', 5.0, '', '2024-01-21 00:42:40', '2024-01-21 00:17:31'),
(85, '2023-11-04 17:00:00', 39, 58, 'FYT1705767462168', '已完成', 4.5, '', '2024-01-21 00:42:37', '2024-01-21 00:17:42'),
(86, '2023-11-05 17:00:00', 38, 58, 'FYT1705767469754', '已完成', 3.0, '', '2024-01-21 00:42:35', '2024-01-21 00:17:49'),
(87, '2023-11-06 17:00:00', 37, 58, 'FYT1705767484180', '已完成', 3.5, '', '2024-01-21 00:42:31', '2024-01-21 00:18:04'),
(88, '2023-11-07 17:00:00', 36, 58, 'FYT1705767503881', '已完成', 5.0, '', '2024-01-21 00:42:28', '2024-01-21 00:18:23'),
(89, '2023-11-08 17:00:00', 35, 58, 'FYT1705767511135', '已完成', 4.0, '', '2024-01-21 00:42:24', '2024-01-21 00:18:31'),
(90, '2023-11-09 17:00:00', 34, 58, 'FYT1705767520244', '已完成', 4.0, '', '2024-01-21 00:42:21', '2024-01-21 00:18:40'),
(91, '2023-11-10 17:00:00', 33, 58, 'FYT1705767701027', '已完成', 5.0, '', '2024-01-21 00:42:18', '2024-01-21 00:21:41'),
(92, '2023-11-11 17:00:00', 32, 58, 'FYT1705767706202', '已完成', 5.0, '', '2024-01-21 00:42:14', '2024-01-21 00:21:46'),
(93, '2023-11-10 17:00:00', 31, 58, 'FYT1705767713566', '已完成', 4.5, '教得很好！終於學會如何用背部肌肉發力！！', '2024-01-21 02:05:56', '2024-01-21 00:21:53'),
(94, '2023-11-11 17:00:00', 30, 58, 'FYT1705767719083', '已完成', 3.5, '', '2024-01-21 00:42:08', '2024-01-21 00:21:59'),
(95, '2023-11-12 17:00:00', 29, 58, 'FYT1705767727487', '已完成', 3.0, '', '2024-01-21 00:42:05', '2024-01-21 00:22:07'),
(96, '2023-11-13 17:00:00', 28, 58, 'FYT1705767734822', '已完成', 4.5, '', '2024-01-21 00:42:03', '2024-01-21 00:22:14'),
(97, '2023-11-14 16:00:00', 46, 58, 'FYT1705767808752', '已完成', 5.0, '教的很細心，上完才發現一直以來都用錯發力的方式，還會繼續回購！！', '2024-01-21 00:41:44', '2024-01-21 00:23:28'),
(98, '2024-01-22 10:00:00', 51, 56, 'FYT1705771650996', '已完成', NULL, NULL, NULL, '2024-01-21 01:27:30'),
(99, '2024-01-25 18:00:00', 48, 56, 'FYT1705771729129', '已完成', NULL, NULL, NULL, '2024-01-21 01:28:49'),
(100, '2024-01-29 09:00:00', 47, 56, 'FYT1705771975535', '未確認預約', NULL, NULL, NULL, '2024-01-21 01:32:55'),
(101, '2024-02-01 18:00:00', 46, 56, 'FYT1705772184782', '已預約', NULL, NULL, NULL, '2024-01-21 01:36:24'),
(104, '2023-11-14 17:00:00', 31, 7, 'FYT1705773793321', '已完成', 5.0, '教練教的很細心！！！', '2024-01-21 02:08:15', '2024-01-21 02:03:13'),
(105, '2023-11-14 18:00:00', 31, 8, 'FYT1705773800610', '已完成', 4.0, '教的很好，從基礎發力到調整呼吸都教的很詳細，能循序漸進地學習，只是遲到5分鐘要扣1分 ˋＨˊ', '2024-01-21 02:11:36', '2024-01-21 02:03:20'),
(106, '2023-11-14 17:00:00', 31, 10, 'FYT1705773803791', '已完成', 5.0, '很幽默的教練，但不失專業度，讚！！！', '2024-01-21 02:14:55', '2024-01-21 02:03:23'),
(108, '2024-02-02 17:00:00', 31, 56, 'FYT1705774875939', '未確認預約', NULL, NULL, NULL, '2024-01-21 02:21:15'),
(109, '2024-02-15 18:00:00', 44, 56, 'FYT1705886601991', '未確認預約', NULL, NULL, NULL, '2024-01-22 09:23:21'),
(111, '2024-01-24 11:00:00', 50, 60, 'FYT1705925954760', '已完成', NULL, NULL, NULL, '2024-01-22 20:19:14'),
(112, '2024-01-25 20:00:00', 50, 60, 'FYT1705926019602', '已完成', NULL, NULL, NULL, '2024-01-22 20:20:19'),
(113, '2024-01-24 09:00:00', 31, 58, 'FYT1705926186219', '已完成', NULL, NULL, NULL, '2024-01-22 20:23:06'),
(114, '2024-01-25 16:00:00', 31, 58, 'FYT1705926239183', '已完成', NULL, NULL, NULL, '2024-01-22 20:23:59'),
(115, '2024-01-26 16:00:00', 31, 58, 'FYT1705926295101', '已預約', NULL, NULL, NULL, '2024-01-22 20:24:55');

-- --------------------------------------------------------

--
-- 資料表結構 `course_tag`
--

CREATE TABLE `course_tag` (
  `tag_id` int(11) NOT NULL,
  `course_id` int(11) NOT NULL,
  `fitness_id` int(11) NOT NULL
) ENGINE=InnoDB DEFAULT CHARSET=utf8mb4 COLLATE=utf8mb4_general_ci;

--
-- 傾印資料表的資料 `course_tag`
--

INSERT INTO `course_tag` (`tag_id`, `course_id`, `fitness_id`) VALUES
(83, 28, 1),
(84, 28, 6),
(85, 28, 7),
(86, 29, 1),
(87, 29, 3),
(88, 29, 5),
(92, 30, 1),
(93, 30, 5),
(94, 30, 7),
(95, 31, 1),
(96, 31, 3),
(97, 31, 4),
(98, 32, 1),
(99, 32, 5),
(100, 32, 7),
(101, 33, 3),
(102, 33, 5),
(103, 33, 7),
(104, 34, 1),
(105, 34, 3),
(106, 35, 1),
(107, 35, 2),
(108, 35, 3),
(109, 36, 3),
(110, 36, 5),
(111, 37, 10),
(112, 37, 7),
(113, 38, 6),
(114, 38, 7),
(117, 39, 2),
(118, 39, 3),
(119, 39, 5),
(120, 40, 2),
(121, 40, 3),
(122, 41, 1),
(123, 41, 5),
(124, 42, 1),
(125, 42, 4),
(126, 42, 3),
(127, 43, 8),
(128, 43, 5),
(129, 44, 1),
(130, 44, 3),
(131, 45, 1),
(132, 45, 4),
(133, 45, 3),
(134, 46, 5),
(135, 46, 7),
(136, 46, 3),
(137, 47, 2),
(138, 47, 9),
(139, 48, 5),
(140, 48, 8),
(141, 49, 5),
(142, 49, 4),
(143, 49, 3),
(144, 50, 5),
(145, 50, 1),
(146, 50, 3),
(147, 51, 1),
(148, 51, 2),
(149, 51, 7);

-- --------------------------------------------------------

--
-- 資料表結構 `course_time`
--

CREATE TABLE `course_time` (
  `time_id` int(11) NOT NULL,
  `course_id` int(11) NOT NULL,
  `week_id` int(11) NOT NULL,
  `period_id` int(11) NOT NULL
) ENGINE=InnoDB DEFAULT CHARSET=utf8mb4 COLLATE=utf8mb4_general_ci;

--
-- 傾印資料表的資料 `course_time`
--

INSERT INTO `course_time` (`time_id`, `course_id`, `week_id`, `period_id`) VALUES
(207, 28, 2, 10),
(208, 28, 2, 11),
(209, 28, 2, 12),
(210, 28, 2, 13),
(211, 28, 2, 14),
(212, 28, 2, 15),
(213, 28, 3, 10),
(214, 28, 3, 11),
(215, 28, 3, 12),
(216, 28, 3, 13),
(217, 28, 3, 14),
(218, 28, 3, 15),
(219, 28, 3, 18),
(220, 28, 3, 19),
(221, 28, 3, 20),
(222, 28, 5, 17),
(223, 28, 5, 18),
(224, 28, 5, 19),
(225, 28, 5, 20),
(226, 28, 5, 21),
(227, 28, 6, 17),
(228, 28, 6, 18),
(229, 28, 6, 19),
(230, 28, 6, 20),
(231, 28, 6, 21),
(232, 28, 7, 12),
(233, 28, 7, 13),
(234, 28, 7, 14),
(235, 28, 7, 15),
(236, 28, 7, 16),
(237, 28, 7, 19),
(238, 28, 7, 20),
(239, 28, 7, 21),
(240, 29, 1, 10),
(241, 29, 1, 11),
(242, 29, 1, 12),
(243, 29, 1, 13),
(244, 29, 1, 14),
(245, 29, 1, 15),
(246, 29, 4, 10),
(247, 29, 4, 11),
(248, 29, 4, 12),
(249, 29, 4, 13),
(250, 29, 4, 14),
(251, 29, 4, 15),
(252, 29, 4, 18),
(253, 29, 4, 19),
(254, 29, 4, 20),
(255, 29, 5, 17),
(256, 29, 5, 18),
(257, 29, 5, 19),
(258, 29, 5, 20),
(259, 29, 5, 21),
(260, 29, 6, 17),
(261, 29, 6, 18),
(262, 29, 6, 19),
(263, 29, 6, 20),
(264, 29, 6, 21),
(265, 29, 7, 12),
(266, 29, 7, 13),
(267, 29, 7, 14),
(268, 29, 7, 15),
(269, 29, 7, 16),
(270, 29, 7, 19),
(271, 29, 7, 20),
(272, 29, 7, 21),
(306, 30, 2, 10),
(307, 30, 2, 11),
(308, 30, 2, 12),
(309, 30, 2, 13),
(310, 30, 2, 14),
(311, 30, 2, 15),
(312, 30, 3, 10),
(313, 30, 3, 11),
(314, 30, 3, 12),
(315, 30, 3, 13),
(316, 30, 3, 14),
(317, 30, 3, 15),
(318, 30, 3, 18),
(319, 30, 3, 19),
(320, 30, 3, 20),
(321, 30, 5, 17),
(322, 30, 5, 18),
(323, 30, 5, 19),
(324, 30, 5, 20),
(325, 30, 5, 21),
(326, 30, 6, 17),
(327, 30, 6, 18),
(328, 30, 6, 19),
(329, 30, 6, 20),
(330, 30, 6, 21),
(331, 30, 7, 12),
(332, 30, 7, 13),
(333, 30, 7, 14),
(334, 30, 7, 15),
(335, 30, 7, 16),
(336, 30, 7, 19),
(337, 30, 7, 20),
(338, 30, 7, 21),
(339, 31, 1, 10),
(340, 31, 1, 11),
(341, 31, 1, 12),
(342, 31, 1, 13),
(343, 31, 1, 14),
(344, 31, 1, 15),
(345, 31, 4, 10),
(346, 31, 4, 11),
(347, 31, 4, 12),
(348, 31, 4, 13),
(349, 31, 4, 14),
(350, 31, 4, 15),
(351, 31, 4, 18),
(352, 31, 4, 19),
(353, 31, 4, 20),
(354, 31, 5, 17),
(355, 31, 5, 18),
(356, 31, 5, 19),
(357, 31, 5, 20),
(358, 31, 5, 21),
(359, 31, 6, 17),
(360, 31, 6, 18),
(361, 31, 6, 19),
(362, 31, 6, 20),
(363, 31, 6, 21),
(364, 31, 7, 12),
(365, 31, 7, 13),
(366, 31, 7, 14),
(367, 31, 7, 15),
(368, 31, 7, 16),
(369, 31, 7, 19),
(370, 31, 7, 20),
(371, 31, 7, 21),
(372, 32, 2, 10),
(373, 32, 2, 11),
(374, 32, 2, 12),
(375, 32, 2, 13),
(376, 32, 2, 14),
(377, 32, 2, 15),
(378, 32, 3, 10),
(379, 32, 3, 11),
(380, 32, 3, 12),
(381, 32, 3, 13),
(382, 32, 3, 14),
(383, 32, 3, 15),
(384, 32, 3, 18),
(385, 32, 3, 19),
(386, 32, 3, 20),
(387, 32, 5, 17),
(388, 32, 5, 18),
(389, 32, 5, 19),
(390, 32, 5, 20),
(391, 32, 5, 21),
(392, 32, 6, 17),
(393, 32, 6, 18),
(394, 32, 6, 19),
(395, 32, 6, 20),
(396, 32, 6, 21),
(397, 32, 7, 12),
(398, 32, 7, 13),
(399, 32, 7, 14),
(400, 32, 7, 15),
(401, 32, 7, 16),
(402, 32, 7, 19),
(403, 32, 7, 20),
(404, 32, 7, 21),
(405, 33, 1, 10),
(406, 33, 1, 11),
(407, 33, 1, 12),
(408, 33, 1, 13),
(409, 33, 1, 14),
(410, 33, 1, 15),
(411, 33, 4, 10),
(412, 33, 4, 11),
(413, 33, 4, 12),
(414, 33, 4, 13),
(415, 33, 4, 14),
(416, 33, 4, 15),
(417, 33, 4, 18),
(418, 33, 4, 19),
(419, 33, 4, 20),
(420, 33, 5, 17),
(421, 33, 5, 18),
(422, 33, 5, 19),
(423, 33, 5, 20),
(424, 33, 5, 21),
(425, 33, 6, 17),
(426, 33, 6, 18),
(427, 33, 6, 19),
(428, 33, 6, 20),
(429, 33, 6, 21),
(430, 33, 7, 12),
(431, 33, 7, 13),
(432, 33, 7, 14),
(433, 33, 7, 15),
(434, 33, 7, 16),
(435, 33, 7, 19),
(436, 33, 7, 20),
(437, 33, 7, 21),
(438, 34, 2, 10),
(439, 34, 2, 11),
(440, 34, 2, 12),
(441, 34, 2, 13),
(442, 34, 2, 14),
(443, 34, 2, 15),
(444, 34, 3, 10),
(445, 34, 3, 11),
(446, 34, 3, 12),
(447, 34, 3, 13),
(448, 34, 3, 14),
(449, 34, 3, 15),
(450, 34, 3, 18),
(451, 34, 3, 19),
(452, 34, 3, 20),
(453, 34, 5, 17),
(454, 34, 5, 18),
(455, 34, 5, 19),
(456, 34, 5, 20),
(457, 34, 5, 21),
(458, 34, 6, 17),
(459, 34, 6, 18),
(460, 34, 6, 19),
(461, 34, 6, 20),
(462, 34, 6, 21),
(463, 34, 7, 12),
(464, 34, 7, 13),
(465, 34, 7, 14),
(466, 34, 7, 15),
(467, 34, 7, 16),
(468, 34, 7, 19),
(469, 34, 7, 20),
(470, 34, 7, 21),
(471, 35, 1, 10),
(472, 35, 1, 11),
(473, 35, 1, 12),
(474, 35, 1, 13),
(475, 35, 1, 14),
(476, 35, 1, 15),
(477, 35, 4, 10),
(478, 35, 4, 11),
(479, 35, 4, 12),
(480, 35, 4, 13),
(481, 35, 4, 14),
(482, 35, 4, 15),
(483, 35, 4, 18),
(484, 35, 4, 19),
(485, 35, 4, 20),
(486, 35, 5, 17),
(487, 35, 5, 18),
(488, 35, 5, 19),
(489, 35, 5, 20),
(490, 35, 5, 21),
(491, 35, 6, 17),
(492, 35, 6, 18),
(493, 35, 6, 19),
(494, 35, 6, 20),
(495, 35, 6, 21),
(496, 35, 7, 12),
(497, 35, 7, 13),
(498, 35, 7, 14),
(499, 35, 7, 15),
(500, 35, 7, 16),
(501, 35, 7, 19),
(502, 35, 7, 20),
(503, 35, 7, 21),
(504, 36, 2, 10),
(505, 36, 2, 11),
(506, 36, 2, 12),
(507, 36, 2, 13),
(508, 36, 2, 14),
(509, 36, 2, 15),
(510, 36, 3, 10),
(511, 36, 3, 11),
(512, 36, 3, 12),
(513, 36, 3, 13),
(514, 36, 3, 14),
(515, 36, 3, 15),
(516, 36, 3, 18),
(517, 36, 3, 19),
(518, 36, 3, 20),
(519, 36, 5, 17),
(520, 36, 5, 18),
(521, 36, 5, 19),
(522, 36, 5, 20),
(523, 36, 5, 21),
(524, 36, 6, 17),
(525, 36, 6, 18),
(526, 36, 6, 19),
(527, 36, 6, 20),
(528, 36, 6, 21),
(529, 36, 7, 12),
(530, 36, 7, 13),
(531, 36, 7, 14),
(532, 36, 7, 15),
(533, 36, 7, 16),
(534, 36, 7, 19),
(535, 36, 7, 20),
(536, 36, 7, 21),
(537, 37, 1, 10),
(538, 37, 1, 11),
(539, 37, 1, 12),
(540, 37, 1, 13),
(541, 37, 1, 14),
(542, 37, 1, 15),
(543, 37, 4, 10),
(544, 37, 4, 11),
(545, 37, 4, 12),
(546, 37, 4, 13),
(547, 37, 4, 14),
(548, 37, 4, 15),
(549, 37, 4, 18),
(550, 37, 4, 19),
(551, 37, 4, 20),
(552, 37, 5, 17),
(553, 37, 5, 18),
(554, 37, 5, 19),
(555, 37, 5, 20),
(556, 37, 5, 21),
(557, 37, 6, 17),
(558, 37, 6, 18),
(559, 37, 6, 19),
(560, 37, 6, 20),
(561, 37, 6, 21),
(562, 37, 7, 12),
(563, 37, 7, 13),
(564, 37, 7, 14),
(565, 37, 7, 15),
(566, 37, 7, 16),
(567, 37, 7, 19),
(568, 37, 7, 20),
(569, 37, 7, 21),
(570, 38, 2, 10),
(571, 38, 2, 11),
(572, 38, 2, 12),
(573, 38, 2, 13),
(574, 38, 2, 14),
(575, 38, 2, 15),
(576, 38, 3, 10),
(577, 38, 3, 11),
(578, 38, 3, 12),
(579, 38, 3, 13),
(580, 38, 3, 14),
(581, 38, 3, 15),
(582, 38, 3, 18),
(583, 38, 3, 19),
(584, 38, 3, 20),
(585, 38, 5, 17),
(586, 38, 5, 18),
(587, 38, 5, 19),
(588, 38, 5, 20),
(589, 38, 5, 21),
(590, 38, 6, 17),
(591, 38, 6, 18),
(592, 38, 6, 19),
(593, 38, 6, 20),
(594, 38, 6, 21),
(595, 38, 7, 12),
(596, 38, 7, 13),
(597, 38, 7, 14),
(598, 38, 7, 15),
(599, 38, 7, 16),
(600, 38, 7, 19),
(601, 38, 7, 20),
(602, 38, 7, 21),
(636, 39, 1, 10),
(637, 39, 1, 11),
(638, 39, 1, 12),
(639, 39, 1, 13),
(640, 39, 1, 14),
(641, 39, 1, 15),
(642, 39, 4, 10),
(643, 39, 4, 11),
(644, 39, 4, 12),
(645, 39, 4, 13),
(646, 39, 4, 14),
(647, 39, 4, 15),
(648, 39, 4, 18),
(649, 39, 4, 19),
(650, 39, 4, 20),
(651, 39, 5, 17),
(652, 39, 5, 18),
(653, 39, 5, 19),
(654, 39, 5, 20),
(655, 39, 5, 21),
(656, 39, 6, 17),
(657, 39, 6, 18),
(658, 39, 6, 19),
(659, 39, 6, 20),
(660, 39, 6, 21),
(661, 39, 7, 12),
(662, 39, 7, 13),
(663, 39, 7, 14),
(664, 39, 7, 15),
(665, 39, 7, 16),
(666, 39, 7, 19),
(667, 39, 7, 20),
(668, 39, 7, 21),
(669, 40, 2, 10),
(670, 40, 2, 11),
(671, 40, 2, 12),
(672, 40, 2, 13),
(673, 40, 2, 14),
(674, 40, 2, 15),
(675, 40, 3, 10),
(676, 40, 3, 11),
(677, 40, 3, 12),
(678, 40, 3, 13),
(679, 40, 3, 14),
(680, 40, 3, 15),
(681, 40, 3, 18),
(682, 40, 3, 19),
(683, 40, 3, 20),
(684, 40, 5, 17),
(685, 40, 5, 18),
(686, 40, 5, 19),
(687, 40, 5, 20),
(688, 40, 5, 21),
(689, 40, 6, 17),
(690, 40, 6, 18),
(691, 40, 6, 19),
(692, 40, 6, 20),
(693, 40, 6, 21),
(694, 40, 7, 12),
(695, 40, 7, 13),
(696, 40, 7, 14),
(697, 40, 7, 15),
(698, 40, 7, 16),
(699, 40, 7, 19),
(700, 40, 7, 20),
(701, 40, 7, 21),
(702, 41, 1, 10),
(703, 41, 1, 11),
(704, 41, 1, 12),
(705, 41, 1, 13),
(706, 41, 1, 14),
(707, 41, 1, 15),
(708, 41, 4, 10),
(709, 41, 4, 11),
(710, 41, 4, 12),
(711, 41, 4, 13),
(712, 41, 4, 14),
(713, 41, 4, 15),
(714, 41, 4, 18),
(715, 41, 4, 19),
(716, 41, 4, 20),
(717, 41, 5, 17),
(718, 41, 5, 18),
(719, 41, 5, 19),
(720, 41, 5, 20),
(721, 41, 5, 21),
(722, 41, 6, 17),
(723, 41, 6, 18),
(724, 41, 6, 19),
(725, 41, 6, 20),
(726, 41, 6, 21),
(727, 41, 7, 12),
(728, 41, 7, 13),
(729, 41, 7, 14),
(730, 41, 7, 15),
(731, 41, 7, 16),
(732, 41, 7, 19),
(733, 41, 7, 20),
(734, 41, 7, 21),
(735, 42, 2, 10),
(736, 42, 2, 11),
(737, 42, 2, 12),
(738, 42, 2, 13),
(739, 42, 2, 14),
(740, 42, 2, 15),
(741, 42, 3, 10),
(742, 42, 3, 11),
(743, 42, 3, 12),
(744, 42, 3, 13),
(745, 42, 3, 14),
(746, 42, 3, 15),
(747, 42, 3, 18),
(748, 42, 3, 19),
(749, 42, 3, 20),
(750, 42, 5, 17),
(751, 42, 5, 18),
(752, 42, 5, 19),
(753, 42, 5, 20),
(754, 42, 5, 21),
(755, 42, 6, 17),
(756, 42, 6, 18),
(757, 42, 6, 19),
(758, 42, 6, 20),
(759, 42, 6, 21),
(760, 42, 7, 12),
(761, 42, 7, 13),
(762, 42, 7, 14),
(763, 42, 7, 15),
(764, 42, 7, 16),
(765, 42, 7, 19),
(766, 42, 7, 20),
(767, 42, 7, 21),
(768, 43, 1, 10),
(769, 43, 1, 11),
(770, 43, 1, 12),
(771, 43, 1, 13),
(772, 43, 1, 14),
(773, 43, 1, 15),
(774, 43, 4, 10),
(775, 43, 4, 11),
(776, 43, 4, 12),
(777, 43, 4, 13),
(778, 43, 4, 14),
(779, 43, 4, 15),
(780, 43, 4, 18),
(781, 43, 4, 19),
(782, 43, 4, 20),
(783, 43, 5, 17),
(784, 43, 5, 18),
(785, 43, 5, 19),
(786, 43, 5, 20),
(787, 43, 5, 21),
(788, 43, 6, 17),
(789, 43, 6, 18),
(790, 43, 6, 19),
(791, 43, 6, 20),
(792, 43, 6, 21),
(793, 43, 7, 12),
(794, 43, 7, 13),
(795, 43, 7, 14),
(796, 43, 7, 15),
(797, 43, 7, 16),
(798, 43, 7, 19),
(799, 43, 7, 20),
(800, 43, 7, 21),
(801, 44, 2, 10),
(802, 44, 2, 11),
(803, 44, 2, 12),
(804, 44, 2, 13),
(805, 44, 2, 14),
(806, 44, 2, 15),
(807, 44, 3, 10),
(808, 44, 3, 11),
(809, 44, 3, 12),
(810, 44, 3, 13),
(811, 44, 3, 14),
(812, 44, 3, 15),
(813, 44, 3, 18),
(814, 44, 3, 19),
(815, 44, 3, 20),
(816, 44, 5, 17),
(817, 44, 5, 18),
(818, 44, 5, 19),
(819, 44, 5, 20),
(820, 44, 5, 21),
(821, 44, 6, 17),
(822, 44, 6, 18),
(823, 44, 6, 19),
(824, 44, 6, 20),
(825, 44, 6, 21),
(826, 44, 7, 12),
(827, 44, 7, 13),
(828, 44, 7, 14),
(829, 44, 7, 15),
(830, 44, 7, 16),
(831, 44, 7, 19),
(832, 44, 7, 20),
(833, 44, 7, 21),
(834, 45, 1, 10),
(835, 45, 1, 11),
(836, 45, 1, 12),
(837, 45, 1, 13),
(838, 45, 1, 14),
(839, 45, 1, 15),
(840, 45, 4, 10),
(841, 45, 4, 11),
(842, 45, 4, 12),
(843, 45, 4, 13),
(844, 45, 4, 14),
(845, 45, 4, 15),
(846, 45, 4, 18),
(847, 45, 4, 19),
(848, 45, 4, 20),
(849, 45, 5, 17),
(850, 45, 5, 18),
(851, 45, 5, 19),
(852, 45, 5, 20),
(853, 45, 5, 21),
(854, 45, 6, 17),
(855, 45, 6, 18),
(856, 45, 6, 19),
(857, 45, 6, 20),
(858, 45, 6, 21),
(859, 45, 7, 12),
(860, 45, 7, 13),
(861, 45, 7, 14),
(862, 45, 7, 15),
(863, 45, 7, 16),
(864, 45, 7, 19),
(865, 45, 7, 20),
(866, 45, 7, 21),
(867, 46, 2, 10),
(868, 46, 2, 11),
(869, 46, 2, 12),
(870, 46, 2, 13),
(871, 46, 2, 14),
(872, 46, 2, 15),
(873, 46, 3, 10),
(874, 46, 3, 11),
(875, 46, 3, 12),
(876, 46, 3, 13),
(877, 46, 3, 14),
(878, 46, 3, 15),
(879, 46, 3, 18),
(880, 46, 3, 19),
(881, 46, 3, 20),
(882, 46, 5, 17),
(883, 46, 5, 18),
(884, 46, 5, 19),
(885, 46, 5, 20),
(886, 46, 5, 21),
(887, 46, 6, 17),
(888, 46, 6, 18),
(889, 46, 6, 19),
(890, 46, 6, 20),
(891, 46, 6, 21),
(892, 46, 7, 12),
(893, 46, 7, 13),
(894, 46, 7, 14),
(895, 46, 7, 15),
(896, 46, 7, 16),
(897, 46, 7, 19),
(898, 46, 7, 20),
(899, 46, 7, 21),
(900, 47, 2, 10),
(901, 47, 2, 11),
(902, 47, 2, 12),
(903, 47, 2, 13),
(904, 47, 2, 14),
(905, 47, 2, 15),
(906, 47, 3, 10),
(907, 47, 3, 11),
(908, 47, 3, 12),
(909, 47, 3, 13),
(910, 47, 3, 14),
(911, 47, 3, 15),
(912, 47, 3, 18),
(913, 47, 3, 19),
(914, 47, 3, 20),
(915, 47, 5, 17),
(916, 47, 5, 18),
(917, 47, 5, 19),
(918, 47, 5, 20),
(919, 47, 5, 21),
(920, 47, 6, 17),
(921, 47, 6, 18),
(922, 47, 6, 19),
(923, 47, 6, 20),
(924, 47, 6, 21),
(925, 47, 7, 12),
(926, 47, 7, 13),
(927, 47, 7, 14),
(928, 47, 7, 15),
(929, 47, 7, 16),
(930, 47, 7, 19),
(931, 47, 7, 20),
(932, 47, 7, 21),
(933, 48, 1, 10),
(934, 48, 1, 11),
(935, 48, 1, 12),
(936, 48, 1, 13),
(937, 48, 1, 14),
(938, 48, 1, 15),
(939, 48, 4, 10),
(940, 48, 4, 11),
(941, 48, 4, 12),
(942, 48, 4, 13),
(943, 48, 4, 14),
(944, 48, 4, 15),
(945, 48, 4, 18),
(946, 48, 4, 19),
(947, 48, 4, 20),
(948, 48, 5, 17),
(949, 48, 5, 18),
(950, 48, 5, 19),
(951, 48, 5, 20),
(952, 48, 5, 21),
(953, 48, 6, 17),
(954, 48, 6, 18),
(955, 48, 6, 19),
(956, 48, 6, 20),
(957, 48, 6, 21),
(958, 48, 7, 12),
(959, 48, 7, 13),
(960, 48, 7, 14),
(961, 48, 7, 15),
(962, 48, 7, 16),
(963, 48, 7, 19),
(964, 48, 7, 20),
(965, 48, 7, 21),
(966, 49, 2, 10),
(967, 49, 2, 11),
(968, 49, 2, 12),
(969, 49, 2, 13),
(970, 49, 2, 14),
(971, 49, 2, 15),
(972, 49, 3, 10),
(973, 49, 3, 11),
(974, 49, 3, 12),
(975, 49, 3, 13),
(976, 49, 3, 14),
(977, 49, 3, 15),
(978, 49, 3, 18),
(979, 49, 3, 19),
(980, 49, 3, 20),
(981, 49, 5, 17),
(982, 49, 5, 18),
(983, 49, 5, 19),
(984, 49, 5, 20),
(985, 49, 5, 21),
(986, 49, 6, 17),
(987, 49, 6, 18),
(988, 49, 6, 19),
(989, 49, 6, 20),
(990, 49, 6, 21),
(991, 49, 7, 12),
(992, 49, 7, 13),
(993, 49, 7, 14),
(994, 49, 7, 15),
(995, 49, 7, 16),
(996, 49, 7, 19),
(997, 49, 7, 20),
(998, 49, 7, 21),
(999, 50, 1, 10),
(1000, 50, 1, 11),
(1001, 50, 1, 12),
(1002, 50, 1, 13),
(1003, 50, 1, 14),
(1004, 50, 1, 15),
(1005, 50, 4, 10),
(1006, 50, 4, 11),
(1007, 50, 4, 12),
(1008, 50, 4, 13),
(1009, 50, 4, 14),
(1010, 50, 4, 15),
(1011, 50, 4, 18),
(1012, 50, 4, 19),
(1013, 50, 4, 20),
(1014, 50, 5, 17),
(1015, 50, 5, 18),
(1016, 50, 5, 19),
(1017, 50, 5, 20),
(1018, 50, 5, 21),
(1019, 50, 6, 17),
(1020, 50, 6, 18),
(1021, 50, 6, 19),
(1022, 50, 6, 20),
(1023, 50, 6, 21),
(1024, 50, 7, 12),
(1025, 50, 7, 13),
(1026, 50, 7, 14),
(1027, 50, 7, 15),
(1028, 50, 7, 16),
(1029, 50, 7, 19),
(1030, 50, 7, 20),
(1031, 50, 7, 21),
(1032, 51, 2, 10),
(1033, 51, 2, 11),
(1034, 51, 2, 12),
(1035, 51, 2, 13),
(1036, 51, 2, 14),
(1037, 51, 2, 15),
(1038, 51, 3, 10),
(1039, 51, 3, 11),
(1040, 51, 3, 12),
(1041, 51, 3, 13),
(1042, 51, 3, 14),
(1043, 51, 3, 15),
(1044, 51, 3, 18),
(1045, 51, 3, 19),
(1046, 51, 3, 20),
(1047, 51, 5, 17),
(1048, 51, 5, 18),
(1049, 51, 5, 19),
(1050, 51, 5, 20),
(1051, 51, 5, 21),
(1052, 51, 6, 17),
(1053, 51, 6, 18),
(1054, 51, 6, 19),
(1055, 51, 6, 20),
(1056, 51, 6, 21),
(1057, 51, 7, 12),
(1058, 51, 7, 13),
(1059, 51, 7, 14),
(1060, 51, 7, 15),
(1061, 51, 7, 16),
(1062, 51, 7, 19),
(1063, 51, 7, 20),
(1064, 51, 7, 21);

-- --------------------------------------------------------

--
-- 資料表結構 `fitness_tag`
--

CREATE TABLE `fitness_tag` (
  `fitness_id` int(11) NOT NULL,
  `tag_name` varchar(20) NOT NULL
) ENGINE=InnoDB DEFAULT CHARSET=utf8mb4 COLLATE=utf8mb4_general_ci;

--
-- 傾印資料表的資料 `fitness_tag`
--

INSERT INTO `fitness_tag` (`fitness_id`, `tag_name`) VALUES
(1, '重量訓練'),
(2, '有氧運動'),
(3, '增肌減脂'),
(4, '新手訓練'),
(5, '體態雕塑'),
(6, '銀髮族訓練'),
(7, '多功能訓練'),
(8, '瑜伽'),
(9, '拳擊'),
(10, 'TRX訓練');

-- --------------------------------------------------------

--
-- 資料表結構 `food_category_reference`
--

CREATE TABLE `food_category_reference` (
  `food_category_id` int(11) NOT NULL,
  `food_category_name` varchar(20) NOT NULL
) ENGINE=InnoDB DEFAULT CHARSET=utf8mb4 COLLATE=utf8mb4_general_ci;

--
-- 傾印資料表的資料 `food_category_reference`
--

INSERT INTO `food_category_reference` (`food_category_id`, `food_category_name`) VALUES
(1, '飯糰、壽司'),
(2, '麵包、吐司、蛋糕'),
(3, '三明治、漢堡'),
(4, '飯麵粥品'),
(5, '湯品'),
(6, '小菜沙拉、雞胸肉'),
(7, '夯蕃薯、現烤熟食'),
(8, '冷凍食品'),
(9, '茶葉蛋、蒸箱熟食'),
(10, '飲品');

-- --------------------------------------------------------

--
-- 資料表結構 `fytrack_add`
--

CREATE TABLE `fytrack_add` (
  `add_sid` int(11) NOT NULL,
  `member_id` int(11) NOT NULL,
  `ntdentry_date` date NOT NULL,
  `ntdentry_time` time NOT NULL,
  `intake_timing_id` int(11) DEFAULT NULL,
  `food_id` int(11) NOT NULL,
  `serving_size` int(11) NOT NULL,
  `serving_size_unit` varchar(10) DEFAULT NULL
) ENGINE=InnoDB DEFAULT CHARSET=utf8mb4 COLLATE=utf8mb4_general_ci;

--
-- 傾印資料表的資料 `fytrack_add`
--

INSERT INTO `fytrack_add` (`add_sid`, `member_id`, `ntdentry_date`, `ntdentry_time`, `intake_timing_id`, `food_id`, `serving_size`, `serving_size_unit`) VALUES
(1, 1, '2024-01-01', '09:15:04', 1, 1, 1, '份'),
(2, 1, '2024-01-02', '14:30:07', 2, 2, 1, '份'),
(3, 1, '2024-01-03', '17:55:09', 4, 3, 1, '份'),
(4, 2, '2024-01-04', '15:40:23', 4, 4, 1, '份'),
(5, 3, '2024-01-05', '08:45:28', 1, 5, 1, '份'),
(6, 3, '2024-01-06', '20:15:43', 3, 6, 1, '份'),
(7, 4, '2024-01-07', '12:00:39', 2, 7, 1, '份'),
(8, 4, '2024-01-08', '16:15:18', 4, 8, 1, '份'),
(9, 4, '2024-01-09', '19:45:27', 3, 9, 1, '份'),
(10, 4, '2024-01-10', '18:25:37', 3, 10, 1, '份'),
(11, 5, '2024-01-11', '11:20:55', 1, 11, 1, '份'),
(12, 5, '2024-01-12', '09:50:46', 1, 12, 1, '份'),
(13, 6, '2024-01-13', '19:00:21', 3, 13, 1, '份'),
(14, 6, '2024-01-14', '14:05:29', 2, 14, 1, '份'),
(15, 7, '2024-01-15', '10:45:21', 1, 15, 1, '份'),
(16, 7, '2024-01-16', '12:50:29', 2, 16, 1, '份'),
(17, 8, '2024-01-17', '08:20:00', 1, 17, 1, '份'),
(18, 8, '2024-01-18', '13:55:12', 2, 18, 1, '份'),
(19, 8, '2024-01-19', '10:30:37', 1, 19, 1, '份'),
(20, 8, '2024-01-20', '17:10:18', 4, 20, 1, '份'),
(21, 9, '2024-01-21', '16:40:46', 4, 21, 1, '份'),
(22, 9, '2024-01-22', '20:30:26', 3, 22, 1, '份'),
(23, 10, '2024-01-23', '08:00:54', 1, 23, 1, '份'),
(24, 1, '2024-01-24', '09:50:46', 1, 280, 1, '份'),
(25, 1, '2024-01-24', '13:34:00', 2, 287, 1, '份'),
(26, 1, '2024-01-25', '14:05:29', 2, 310, 1, '份'),
(27, 1, '2024-01-25', '17:46:00', 4, 318, 1, '份'),
(28, 1, '2024-01-26', '12:50:29', 2, 386, 1, '份'),
(29, 1, '2024-01-26', '19:00:21', 3, 408, 1, '份'),
(30, 56, '2024-01-24', '09:50:46', 1, 280, 1, '份'),
(31, 56, '2024-01-24', '13:34:00', 2, 287, 1, '份'),
(32, 56, '2024-01-25', '14:05:29', 2, 310, 1, '份'),
(33, 56, '2024-01-25', '17:46:00', 4, 318, 1, '份'),
(34, 56, '2024-01-26', '12:50:29', 2, 386, 1, '份'),
(35, 56, '2024-01-26', '19:00:21', 3, 408, 1, '份'),
(36, 56, '2024-01-23', '19:00:21', 3, 408, 1, '份'),
(38, 56, '2024-01-23', '12:50:29', 2, 386, 1, '份');

-- --------------------------------------------------------

--
-- 資料表結構 `fytrack_food`
--

CREATE TABLE `fytrack_food` (
  `food_id` int(11) NOT NULL,
  `food_category_id` int(11) NOT NULL,
  `food_name` varchar(20) NOT NULL,
  `food_calorie` int(11) NOT NULL,
  `food_protein` float(4,1) NOT NULL,
  `food_carb` float(4,1) NOT NULL,
  `food_fat` float(4,1) NOT NULL,
  `serving_size` int(11) NOT NULL DEFAULT 1,
  `serving_size_unit` varchar(10) NOT NULL
) ENGINE=InnoDB DEFAULT CHARSET=utf8mb4 COLLATE=utf8mb4_general_ci;

--
-- 傾印資料表的資料 `fytrack_food`
--

INSERT INTO `fytrack_food` (`food_id`, `food_category_id`, `food_name`, `food_calorie`, `food_protein`, `food_carb`, `food_fat`, `serving_size`, `serving_size_unit`) VALUES
(1, 1, '稻荷壽司', 238, 7.2, 40.6, 5.1, 1, '份'),
(2, 1, '大飯糰泡菜鮪魚', 277, 7.1, 48.2, 6.2, 1, '份'),
(3, 1, '大飯糰江原道雪蟹蟹膏', 266, 5.9, 43.5, 7.7, 1, '份'),
(4, 1, '鮭魚海帶芽飯糰', 173, 4.1, 34.4, 2.2, 1, '份'),
(5, 1, '雞肉飯飯糰', 198, 5.9, 34.2, 4.1, 1, '份'),
(6, 1, '韓式牛肉飯卷', 216, 7.3, 35.1, 5.2, 1, '份'),
(7, 1, '大飯糰全州風味拌飯', 273, 9.5, 45.2, 5.9, 1, '份'),
(8, 1, '芝麻香鬆飯糰', 237, 5.8, 39.1, 6.3, 1, '份'),
(9, 1, '香腸炒飯飯糰', 229, 5.8, 40.9, 4.8, 1, '份'),
(10, 1, '少一杯蛤蜊飯糰', 198, 4.3, 39.1, 2.6, 1, '份'),
(11, 1, '鮑菇脆筍飯糰', 165, 3.7, 32.7, 2.2, 1, '份'),
(12, 1, '鮮鮭鮪魚雙手卷', 296, 7.0, 56.4, 4.8, 1, '份'),
(13, 1, '海陸雙拼雙手卷一', 279, 8.2, 50.5, 4.9, 1, '份'),
(14, 1, '大飯糰辣炒豬肉', 256, 6.6, 48.5, 3.9, 1, '份'),
(15, 1, '熟成明太子飯糰', 156, 3.9, 30.5, 2.0, 1, '份'),
(16, 1, '稻荷壽司', 361, 11.2, 68.4, 4.9, 1, '份'),
(17, 1, '大飯糰韓式炙燒美乃雞', 270, 8.3, 48.8, 4.7, 1, '份'),
(18, 1, '大飯糰韓式烤牛肉', 250, 6.6, 46.1, 4.3, 1, '份'),
(19, 1, '蔬食鮪魚飯糰', 188, 4.5, 35.0, 3.4, 1, '份'),
(20, 1, '北海道昆布飯糰', 149, 3.3, 32.8, 0.6, 1, '份'),
(21, 1, '鹽蔥燒肉飯糰', 174, 5.7, 30.8, 3.2, 1, '份'),
(22, 1, '椒麻肉鬆飯糰', 234, 5.3, 36.8, 7.3, 1, '份'),
(23, 1, '鹽水雞飯糰', 159, 6.6, 27.0, 2.7, 1, '份'),
(24, 1, '黃金海膽醬干貝飯糰', 144, 4.4, 28.8, 28.8, 1, '份'),
(25, 1, '壽喜燒牛五花飯糰', 209, 7.3, 30.4, 6.5, 1, '份'),
(26, 1, '鮪魚飯糰', 188, 5.0, 32.0, 4.3, 1, '份'),
(27, 1, '明太子龍蝦風味沙拉飯糰', 211, 4.5, 34.7, 6.0, 1, '份'),
(28, 1, '紅鮭飯糰', 171, 5.2, 33.7, 1.8, 1, '份'),
(29, 1, '鮭魚鮭魚卵飯糰', 203, 4.8, 32.9, 5.8, 1, '份'),
(30, 1, '江原道雪蟹蟹膏飯糰', 193, 4.1, 31.8, 5.5, 1, '份'),
(31, 1, '炙燒鹽麴鯖魚飯糰', 193, 5.6, 30.5, 5.5, 1, '份'),
(32, 1, '經典肉鬆飯糰', 239, 5.6, 41.4, 5.7, 1, '份'),
(33, 1, '雞肉飯飯糰', 186, 5.4, 33.0, 3.5, 1, '份'),
(34, 1, '鮪魚細卷', 167, 4.4, 30.2, 3.2, 1, '份'),
(35, 1, '肉鬆細卷', 217, 4.4, 37.7, 5.4, 1, '份'),
(36, 1, '鮪魚飯糰', 188, 5.0, 32.0, 4.3, 1, '份'),
(37, 1, '明太子龍蝦風味沙拉飯糰', 211, 4.5, 34.7, 6.0, 1, '份'),
(38, 1, '經典肉鬆飯糰', 268, 5.9, 42.6, 8.3, 1, '份'),
(39, 1, '肉鬆細卷', 229, 5.1, 33.8, 8.2, 1, '份'),
(40, 1, '鮪魚細卷', 176, 3.8, 30.2, 4.5, 1, '份'),
(41, 2, '雞蛋牛奶手排包', 443, 11.1, 66.4, 14.8, 1, '份'),
(42, 2, '典藏蜂蜜蛋糕', 180, 3.8, 33.9, 3.3, 1, '份'),
(43, 2, '蜜雪蛋糕', 402, 8.3, 62.2, 13.3, 1, '份'),
(44, 2, '杯子蛋糕', 100, 1.8, 12.5, 4.7, 1, '份'),
(45, 2, '巧克力派司', 405, 5.9, 37.0, 25.9, 1, '份'),
(46, 2, '重黑巧克力蛋糕', 419, 7.3, 45.8, 23.0, 1, '份'),
(47, 2, '起酥蛋糕', 235, 5.2, 32.1, 9.5, 1, '份'),
(48, 2, '蔥花麵包', 367, 9.0, 49.1, 14.9, 1, '份'),
(49, 2, '鹹奶油菠蘿小土司', 433, 9.1, 57.0, 18.7, 1, '份'),
(50, 2, '維也納奶油軟法', 393, 8.3, 50.6, 17.5, 1, '份'),
(51, 2, '紫薯芋泥軟歐', 250, 6.3, 44.6, 5.1, 1, '份'),
(52, 2, '鮮乳虎皮蛋糕捲', 507, 9.4, 47.3, 31.1, 1, '份'),
(53, 2, '維也納奶油餐包', 177, 3.0, 18.2, 10.2, 1, '份'),
(54, 2, '黃金奶油鹽可頌', 267, 7.3, 33.6, 11.5, 1, '份'),
(55, 2, '菠蘿麵包', 373, 10.1, 52.9, 13.4, 1, '份'),
(56, 2, '墨西哥葡萄奶酥麵包', 465, 9.2, 56.7, 22.3, 1, '份'),
(57, 2, '帕瑪森起司方塊堡', 265, 7.7, 36.6, 9.8, 1, '份'),
(58, 2, '韓國麵包球', 102, 1.5, 14.4, 4.3, 1, '份'),
(59, 2, '琥珀楓糖小可頌', 221, 4.2, 23.7, 12.2, 1, '份'),
(60, 2, '葡萄丹麥捲', 304, 5.5, 35.3, 15.6, 1, '份'),
(61, 2, '巧克力菠蘿', 346, 9.4, 47.9, 13.0, 1, '份'),
(62, 2, '香蒜起司麵包', 292, 10.5, 36.5, 11.4, 1, '份'),
(63, 2, '花生煉乳泡芙捲蛋糕', 465, 7.5, 27.0, 36.3, 1, '份'),
(64, 2, '海鹽奶香羅宋', 389, 8.4, 51.6, 16.5, 1, '份'),
(65, 2, '醇厚巧克力球', 294, 3.8, 46.2, 10.5, 1, '份'),
(66, 2, '法式巧克力拔絲麵包', 403, 12.4, 60.8, 12.2, 1, '份'),
(67, 2, '厚切醇乳香土司', 548, 18.9, 96.3, 9.7, 1, '份'),
(68, 2, '鮮奶餐包', 96, 3.3, 15.5, 2.3, 1, '份'),
(69, 2, '毛毛蟲奶露麵包', 301, 7.5, 39.9, 12.4, 1, '份'),
(70, 2, '芝心乳酪丹麥', 251, 5.8, 27.6, 13.1, 1, '份'),
(71, 2, '芋泥金沙麻吉麵包', 271, 6.8, 50.1, 4.8, 1, '份'),
(72, 2, '花生煉乳軟法', 314, 10.0, 44.2, 10.8, 1, '份'),
(73, 2, '脆皮巧克力麵包', 229, 5.0, 36.1, 7.2, 1, '份'),
(74, 2, '雙目糖蜂蜜蛋糕', 348, 6.9, 45.9, 15.2, 1, '份'),
(75, 2, '菠蘿奶酥麵包', 383, 8.2, 55.2, 14.4, 1, '份'),
(76, 2, '蜂蜜檸檬雙享夾心土司', 113, 2.9, 14.8, 4.7, 1, '份'),
(77, 2, '香檸鹽之花熔岩蛋糕', 351, 6.0, 33.4, 21.5, 1, '份'),
(78, 2, '蜜香紅茶蘋果鬆餅', 360, 4.9, 60.4, 11.0, 1, '份'),
(79, 2, '香橙乳酪球', 237, 6.6, 40.9, 5.2, 1, '份'),
(80, 2, '百香橘丁Ｑ貝果', 227, 8.2, 42.9, 2.5, 1, '份'),
(81, 2, '激辛熱狗捲', 205, 11.7, 23.5, 7.1, 1, '份'),
(82, 2, '醇黑可可軟法', 328, 8.5, 41.8, 14.0, 1, '份'),
(83, 2, '大納言紅豆鬆餅', 359, 6.8, 56.4, 11.8, 1, '份'),
(84, 2, '芋泥Ｑ心球', 124, 1.8, 19.0, 4.5, 1, '份'),
(85, 2, '紅豆ｍｉｎｉ銅鑼燒', 39, 0.9, 6.5, 1.0, 1, '份'),
(86, 2, '大納言紅豆奶油滿餡麵包', 360, 8.4, 51.7, 13.3, 1, '份'),
(87, 2, '紅豆丹麥捲', 302, 6.4, 36.3, 14.5, 1, '份'),
(88, 2, '紫薯紅豆麵包', 214, 6.3, 38.7, 3.8, 1, '份'),
(89, 2, '藍莓桑葚乳酪Ｑ貝果', 236, 7.7, 42.7, 3.9, 1, '份'),
(90, 2, '茉窨香柚包', 123, 2.8, 24.4, 1.6, 1, '份'),
(91, 2, '藍莓夾心土司', 216, 5.1, 33.5, 6.9, 1, '份'),
(92, 2, '花生麻吉麵包', 329, 9.5, 42.2, 13.5, 1, '份'),
(93, 2, '肉桂巧克力鬆餅', 380, 6.6, 55.6, 14.6, 1, '份'),
(94, 2, '咖啡核桃軟歐', 301, 8.6, 44.9, 9.6, 1, '份'),
(95, 2, '香醇奶油抹醬麵包', 277, 7.3, 39.1, 10.2, 1, '份'),
(96, 2, '咖啡焦糖海鹽滿餡', 383, 6.8, 43.4, 20.2, 1, '份'),
(97, 2, '可可熔岩烏龍茶戚風蛋糕', 332, 7.1, 32.2, 19.4, 1, '份'),
(98, 2, '伯爵茶焦糖鬆餅', 341, 5.3, 57.9, 9.8, 1, '份'),
(99, 2, '榛果摩卡夾心土司', 267, 5.5, 33.2, 12.5, 1, '份'),
(100, 2, '芋泥鬆鬆麵包', 304, 7.7, 42.1, 11.7, 1, '份'),
(101, 2, '蛋捲排包', 415, 9.9, 58.3, 15.9, 1, '份'),
(102, 2, '椰香葡萄麵包', 370, 9.5, 50.1, 14.6, 1, '份'),
(103, 2, '柚子奶油土司', 270, 8.7, 50.0, 3.9, 1, '份'),
(104, 2, '奶酥小菠蘿', 210, 5.2, 28.1, 8.6, 1, '份'),
(105, 2, '可可虎皮蛋糕', 242, 6.5, 22.6, 13.9, 1, '份'),
(106, 2, '古早味雲蛋糕', 308, 7.2, 36.3, 14.8, 1, '份'),
(107, 2, '４００次咖啡鬆餅', 367, 6.3, 53.4, 14.3, 1, '份'),
(108, 2, '焦糖乳酪肉桂捲', 218, 6.0, 34.6, 6.2, 1, '份'),
(109, 2, '咖啡奶油夾心麵包', 261, 5.7, 30.7, 12.8, 1, '份'),
(110, 2, '蒜香金磚', 301, 6.3, 35.0, 15.1, 1, '份'),
(111, 2, '義式經典紅醬麵包', 308, 10.0, 47.2, 8.8, 1, '份'),
(112, 2, '蜜蘋奶酥鐵觀音貝果', 269, 8.3, 40.9, 8.0, 1, '份'),
(113, 2, '雙莓乳酪爆擊貝果', 230, 7.7, 40.1, 4.3, 1, '份'),
(114, 2, '雙重芝士條', 303, 10.5, 36.6, 12.8, 1, '份'),
(115, 2, '起司乳酪蛋糕', 215, 3.7, 25.1, 11.1, 1, '份'),
(116, 2, '蜜桃乳酪小丹麥', 324, 6.2, 33.2, 18.5, 1, '份'),
(117, 2, '黃金托斯卡尼', 383, 9.5, 50.7, 15.9, 1, '份'),
(118, 2, '切達乳酪烤餅', 239, 6.6, 31.9, 9.6, 1, '份'),
(119, 2, '聲頌起司佛卡夏', 197, 6.5, 31.9, 4.8, 1, '份'),
(120, 2, '榛果濃可可滿餡', 392, 8.6, 43.8, 20.2, 1, '份'),
(121, 2, '莓果可可滿餡', 290, 6.8, 41.3, 10.8, 1, '份'),
(122, 2, '波隆納紅醬薯泥雙享夾心土司', 81, 3.2, 13.9, 1.4, 1, '份'),
(123, 2, '醇濃黑巧鬆餅', 359, 6.6, 55.8, 12.1, 1, '份'),
(124, 2, '堅果奶油軟法', 347, 8.5, 38.9, 17.6, 1, '份'),
(125, 2, '黑巧豆豆土司', 326, 9.9, 55.6, 7.2, 1, '份'),
(126, 2, '榛的豆豆麵包', 307, 8.8, 40.1, 12.4, 1, '份'),
(127, 2, '巧克雷阿胖', 270, 6.1, 33.0, 12.6, 1, '份'),
(128, 2, '米歇爾柯茲巧克力熔岩蛋糕', 388, 7.8, 31.3, 25.7, 1, '份'),
(129, 2, '焦糖花生朱古力鬆餅', 357, 6.5, 53.9, 12.9, 1, '份'),
(130, 2, '法式海鹽焦糖巧克力夾心土司', 226, 5.6, 36.7, 6.3, 1, '份'),
(131, 2, '德國鹼水乳酪麵包', 362, 11.4, 55.8, 10.4, 1, '份'),
(132, 2, '葡萄蝸牛捲', 265, 4.8, 32.9, 12.7, 1, '份'),
(133, 2, '莓好草莓鬆餅', 340, 5.6, 60.1, 8.6, 1, '份'),
(134, 2, '丹麥菠蘿可頌', 390, 7.9, 46.0, 19.4, 1, '份'),
(135, 2, '起司火腿麵包', 234, 7.4, 36.8, 6.3, 1, '份'),
(136, 2, '紅豆麵包', 406, 11.9, 72.6, 7.5, 1, '份'),
(137, 2, '草莓麵包', 244, 6.4, 45.5, 4.2, 1, '份'),
(138, 2, '海苔肉鬆沙拉麵包', 375, 9.5, 40.5, 19.4, 1, '份'),
(139, 2, '醇黑可可好棒棒', 528, 10.4, 68.5, 23.6, 1, '份'),
(140, 2, '熱狗麵包', 172, 5.8, 27.8, 4.2, 1, '份'),
(141, 2, '克林姆麵包', 355, 9.8, 62.4, 7.4, 1, '份'),
(142, 2, '奶酥麵包', 384, 8.8, 47.3, 17.8, 1, '份'),
(143, 2, '香濃牛奶好棒棒', 474, 10.8, 61.6, 20.5, 1, '份'),
(144, 2, '起酥葡萄奶酥', 422, 9.0, 50.2, 20.6, 1, '份'),
(145, 2, '果粒草莓滿餡麵包', 299, 6.9, 45.4, 9.9, 1, '份'),
(146, 2, '香濃深焙花生滿餡麵包', 461, 10.8, 44.0, 26.8, 1, '份'),
(147, 2, '起酥肉鬆麵包', 370, 9.8, 48.3, 15.3, 1, '份'),
(148, 2, '榛果可可滿餡麵包', 414, 8.5, 40.7, 24.2, 1, '份'),
(149, 2, '加州葡萄小土司', 395, 11.0, 62.8, 11.1, 1, '份'),
(150, 2, '哆啦Ａ夢小蛋糕', 326, 6.0, 48.6, 11.9, 1, '份'),
(151, 2, '巧克力捲', 94, 2.9, 14.9, 2.5, 1, '份'),
(152, 2, '蜂蜜牛奶球', 39, 1.0, 7.0, 0.8, 1, '份'),
(153, 2, '草莓夾心', 55, 1.6, 10.2, 0.9, 1, '份'),
(154, 2, '愛心牛奶球', 203, 5.4, 34.9, 4.6, 1, '份'),
(155, 2, '手工拔絲麵包', 480, 15.5, 71.0, 14.8, 1, '份'),
(156, 2, '醇乳香土司', 548, 18.9, 96.3, 9.7, 1, '份'),
(157, 2, '原味覺土司', 485, 21.5, 88.6, 5.0, 1, '份'),
(158, 2, '草莓夾心土司', 179, 5.2, 35.0, 2.0, 1, '份'),
(159, 2, '花生夾心土司', 292, 7.2, 30.4, 15.8, 1, '份'),
(160, 2, '板巧克力夾心土司', 241, 5.5, 33.1, 9.6, 1, '份'),
(161, 2, '經典蜂蜜鬆餅', 365, 5.8, 54.6, 13.8, 1, '份'),
(162, 2, '陽光葡萄土司', 363, 10.7, 65.9, 6.2, 1, '份'),
(163, 2, '綿柔鮮奶土司', 321, 11.1, 56.4, 5.7, 1, '份'),
(164, 2, '榛果巧克力鬆餅', 351, 6.8, 53.1, 12.3, 1, '份'),
(165, 2, '新纖麥土司', 487, 21.5, 88.6, 6.5, 1, '份'),
(166, 2, '小麥胚芽土司', 276, 12.2, 50.3, 3.7, 1, '份'),
(167, 3, '肉鬆火腿三明治', 197, 5.8, 21.8, 9.7, 1, '份'),
(168, 3, '醬燒烤雞三明治', 181, 9.3, 21.9, 6.6, 1, '份'),
(169, 3, '紐奧良風味烤雞鮮蔬三明治', 200, 13.9, 20.6, 6.8, 1, '份'),
(170, 3, '三重起司貝果堡', 320, 12.0, 40.9, 12.0, 1, '份'),
(171, 3, '火腿起司蛋三明治', 194, 5.6, 22.0, 9.4, 1, '份'),
(172, 3, '經典總匯三明治', 192, 7.5, 22.2, 8.2, 1, '份'),
(173, 3, '藍莓優格三明治', 142, 4.1, 23.4, 3.6, 1, '份'),
(174, 3, '雞蛋沙拉三明治', 199, 7.6, 23.9, 8.1, 1, '份'),
(175, 3, '水果派對三明治', 165, 3.9, 26.6, 4.8, 1, '份'),
(176, 3, '彩蔬洋芋三明治', 234, 5.8, 30.3, 10.0, 1, '份'),
(177, 3, '香雞蛋堡', 254, 11.9, 28.1, 10.4, 1, '份'),
(178, 3, '蕈菇嫩蛋貝果堡', 326, 10.1, 42.4, 12.9, 1, '份'),
(179, 3, '蔬菜百匯三明治', 158, 5.9, 17.9, 7.0, 1, '份'),
(180, 3, '龍蝦風味沙拉三明治', 208, 5.9, 20.7, 11.3, 1, '份'),
(181, 3, '大麥蛋白豬肉堡', 208, 13.5, 27.1, 5.1, 1, '份'),
(182, 3, '泰式打拋豬貝果堡', 289, 12.9, 38.4, 9.4, 1, '份'),
(183, 3, '黃金魚堡', 287, 10.6, 29.1, 14.3, 1, '份'),
(184, 3, '多重起司貝果堡', 322, 12.8, 41.2, 11.8, 1, '份'),
(185, 3, '羅勒菠菠植蔬堡', 274, 9.9, 25.7, 14.6, 1, '份'),
(186, 3, '美式乳酪薯餅三明治', 228, 6.6, 23.6, 11.9, 1, '份'),
(187, 3, '焗烤鮪魚三明治', 242, 8.8, 23.7, 12.4, 1, '份'),
(188, 3, '輕乳酪巧克力三明治', 174, 5.4, 25.8, 5.5, 1, '份'),
(189, 3, '瘋狂起司三明治', 235, 7.6, 27.3, 10.5, 1, '份'),
(190, 3, '鮪魚溏心蛋三明治', 189, 7.2, 19.4, 9.2, 1, '份'),
(191, 3, '經典雙牛起司堡', 315, 18.2, 31.1, 13.0, 1, '份'),
(192, 3, '美式雞腿堡', 385, 16.0, 35.5, 19.9, 1, '份'),
(193, 3, '豬肉起司堡', 208, 11.1, 24.1, 7.4, 1, '份'),
(194, 3, '豬肉起司蛋堡', 237, 14.9, 26.3, 8.1, 1, '份'),
(195, 4, '台式芋頭鹹粥', 395, 14.5, 50.4, 15.0, 1, '份'),
(196, 4, '沙茶豬肉炒麵', 486, 21.7, 65.1, 15.6, 1, '份'),
(197, 4, '生滾皮蛋煲粥', 280, 14.0, 33.5, 10.0, 1, '份'),
(198, 4, '香辣醬香腸蛋炒飯', 830, 19.5, 114.6, 32.6, 1, '份'),
(199, 4, '烤蔬菜蕃茄筆尖麵', 451, 16.7, 78.5, 7.8, 1, '份'),
(200, 4, '清炒海鮮義大利麵', 427, 23.8, 63.2, 8.7, 1, '份'),
(201, 4, '四起司煙燻火腿焗麵', 687, 28.3, 75.9, 30.1, 1, '份'),
(202, 4, '烤蛋白餐盒', 513, 34.0, 72.6, 9.7, 1, '份'),
(203, 4, '優質池上飯', 291, 4.3, 63.9, 2.0, 1, '份'),
(204, 4, '香辣醬雞肉炒麵', 611, 24.8, 83.1, 19.7, 1, '份'),
(205, 4, '蒜炒塔香腿排義大利麵', 531, 25.7, 64.1, 19.2, 1, '份'),
(206, 4, '金咖哩甘口咖哩飯', 659, 16.2, 118.2, 13.6, 1, '份'),
(207, 4, '金咖哩濃辛咖哩飯', 709, 17.9, 114.5, 20.0, 1, '份'),
(208, 4, '沙茶豬肉燴飯', 709, 23.5, 91.3, 27.4, 1, '份'),
(209, 4, '鐵板滑蛋炸豬排丼', 693, 24.3, 112.3, 16.4, 1, '份'),
(210, 4, 'ＢＢＱ雞丁白花椰餐盒', 365, 19.0, 53.3, 8.2, 1, '份'),
(211, 4, '義式蕃茄紅醬燻腸焗飯', 720, 29.5, 88.5, 27.3, 1, '份'),
(212, 4, '健身Ｇ肉餐盒', 450, 27.8, 67.8, 7.6, 1, '份'),
(213, 4, '青花菜香腸肉末貓耳朵麵', 753, 30.3, 78.6, 35.3, 1, '份'),
(214, 4, '獵人雞肉丸子茄汁鉛筆麵', 675, 29.4, 69.9, 30.8, 1, '份'),
(215, 4, '日式豬排佐咖哩歐姆蛋燴飯', 771, 31.4, 101.6, 26.5, 1, '份'),
(216, 4, '香草雞排佐白醬歐姆蛋燴飯', 695, 30.0, 88.1, 24.8, 1, '份'),
(217, 4, '炙烤親子丼', 722, 26.8, 106.4, 21.0, 1, '份'),
(218, 4, '鮮筍雞茸粥', 312, 9.5, 41.5, 12.0, 1, '份'),
(219, 4, '炭香燒豚飯', 534, 15.4, 76.5, 18.3, 1, '份'),
(220, 4, '蕃茄鮪魚冷義大利麵', 301, 14.3, 45.9, 6.7, 1, '份'),
(221, 4, '羅勒海鮮冷義大利麵', 312, 12.8, 41.8, 10.3, 1, '份'),
(222, 4, '明太子鮭魚冷義大利麵', 348, 13.6, 44.5, 12.8, 1, '份'),
(223, 4, '皮蛋辣拌麵', 621, 22.5, 73.3, 26.3, 1, '份'),
(224, 4, '黑纖雞肉粥', 291, 15.0, 29.5, 12.5, 1, '份'),
(225, 4, '海之味漁夫飯', 499, 22.6, 91.9, 4.7, 1, '份'),
(226, 4, '糖燻野郎熟成牛飯', 656, 14.7, 97.2, 23.0, 1, '份'),
(227, 4, '壹號醬鹽蔥雞豚飯', 621, 20.9, 96.0, 16.8, 1, '份'),
(228, 4, '嘉義劉里長雞肉飯', 563, 19.5, 93.8, 12.0, 1, '份'),
(229, 4, '嘉義劉里長剝皮瓜仔雞飯', 497, 17.2, 95.0, 5.5, 1, '份'),
(230, 4, '蒜辣雙醬麵', 528, 21.9, 71.2, 17.2, 1, '份'),
(231, 4, '海鮮什錦炒麵', 537, 26.0, 56.4, 23.0, 1, '份'),
(232, 4, '粉紅蝦蝦細扁麵', 432, 19.7, 54.8, 15.0, 1, '份'),
(233, 4, '金沙培根細扁麵', 466, 22.0, 55.5, 17.4, 1, '份'),
(234, 4, '蒜炒橄欖油腿排義大利麵', 553, 24.5, 72.8, 18.2, 1, '份'),
(235, 4, '香濃雙重起司海陸焗飯', 691, 22.9, 98.8, 22.5, 1, '份'),
(236, 4, '黑松露佐野菇黑纖飯（素）', 590, 12.3, 100.4, 15.2, 1, '份'),
(237, 4, '青醬雞肉義大利麵', 601, 29.7, 73.5, 20.8, 1, '份'),
(238, 4, '清炒海鮮義大利麵', 469, 23.8, 68.1, 11.2, 1, '份'),
(239, 4, '海鮮明太子風奶香義大利麵', 439, 19.9, 65.6, 10.8, 1, '份'),
(240, 4, '辛辛炒豚五色盒', 409, 20.8, 45.5, 16.0, 1, '份'),
(241, 4, '美式雞丁蔬穀盒', 372, 21.6, 45.9, 11.4, 1, '份'),
(242, 4, '麻婆豆腐烏龍麵', 496, 19.2, 70.8, 15.0, 1, '份'),
(243, 4, '焗烤燻火腿筆尖麵', 701, 29.4, 63.0, 36.9, 1, '份'),
(244, 4, '香拌海鮮醬蝦仁炒麵', 594, 20.1, 70.5, 25.8, 1, '份'),
(245, 4, '新招牌腿排便當', 506, 16.4, 91.0, 8.4, 1, '份'),
(246, 4, '烤蛋白餐盒', 471, 25.5, 70.3, 9.7, 1, '份'),
(247, 4, '香拌海鮮醬肉絲蛋炒飯', 689, 17.8, 96.3, 25.7, 1, '份'),
(248, 4, '港式香滑嫩蛋牛肉燴飯', 521, 20.4, 97.6, 5.2, 1, '份'),
(249, 4, '滑蛋干貝雞茸粥', 280, 10.5, 42.5, 7.5, 1, '份'),
(250, 4, '沙茶豬肉燴飯', 715, 23.7, 99.5, 24.6, 1, '份'),
(251, 4, '老薑麻油片豚燴飯', 595, 19.4, 103.4, 11.3, 1, '份'),
(252, 4, '新招牌腿排便當', 556, 15.7, 88.3, 15.4, 1, '份'),
(253, 4, '香烤嫩雞彩蔬餐盒', 800, 32.1, 84.9, 36.9, 1, '份'),
(254, 4, '香滑嫩蛋牛肉燴飯', 479, 19.3, 71.9, 12.7, 1, '份'),
(255, 4, '四川風味麻婆豆腐燴飯', 710, 30.2, 102.1, 20.0, 1, '份'),
(256, 4, '糖燻野郎炙燒牛', 609, 15.5, 93.6, 19.1, 1, '份'),
(257, 4, '炸醬炒泡麵', 773, 17.2, 89.0, 38.8, 1, '份'),
(258, 4, '海鮮明太子風奶香義大利麵', 466, 22.6, 63.6, 13.4, 1, '份'),
(259, 5, '鮮筍排骨湯', 159, 18.2, 2.9, 8.3, 1, '份'),
(260, 5, '剝皮辣椒雞湯', 160, 27.5, 3.7, 3.7, 1, '份'),
(261, 5, '玉米濃湯', 223, 10.6, 21.5, 10.3, 1, '份'),
(262, 5, '特級海鮮球', 26, 3.0, 2.5, 0.4, 1, '份'),
(263, 5, '讚岐烏龍麵', 162, 3.8, 36.1, 0.3, 1, '份'),
(264, 5, '香菇雞燉湯', 139, 17.0, 8.3, 4.2, 1, '份'),
(265, 5, '四神豬肚湯', 157, 13.8, 20.5, 2.2, 1, '份'),
(266, 5, '韓式泡菜豬肉鍋', 253, 19.4, 22.6, 9.5, 1, '份'),
(267, 5, '藥燉排骨湯', 311, 27.2, 3.8, 20.8, 1, '份'),
(268, 5, '起司牛奶鍋', 286, 18.1, 29.6, 10.5, 1, '份'),
(269, 5, '剝皮辣椒雞湯', 128, 20.2, 5.8, 2.6, 1, '份'),
(270, 5, '麻咪瘦肉湯', 163, 9.3, 10.2, 9.3, 1, '份'),
(271, 5, '蒜香軟法玉米濃湯', 263, 10.4, 21.0, 15.2, 1, '份'),
(272, 5, '蒸蛋湯', 139, 13.6, 4.4, 7.5, 1, '份'),
(273, 6, '鐵板黑胡椒嫩雞胸', 116, 24.0, 0.3, 2.1, 1, '份'),
(274, 6, '青檸烤雞握沙拉', 228, 9.8, 26.7, 9.2, 1, '份'),
(275, 6, '桃木燻雞胸', 102, 20.1, 0.5, 2.2, 1, '份'),
(276, 6, '青醬優格雞肉握沙拉', 267, 11.3, 26.6, 12.9, 1, '份'),
(277, 6, '小滷青蔬', 65, 2.3, 7.3, 2.8, 1, '份'),
(278, 6, '季節水果拼盤（截切）', 86, 1.2, 20.4, 0.0, 1, '份'),
(279, 6, '猴菇麻油蔬（蛋素）', 235, 5.8, 9.6, 19.3, 1, '份'),
(280, 6, '海帶脆筍肉（全素）', 278, 10.4, 15.1, 19.6, 1, '份'),
(281, 6, '沙茶香辣雞胗', 226, 24.4, 5.9, 11.6, 1, '份'),
(282, 6, '蒜香綜合滷味', 230, 18.6, 6.5, 14.4, 1, '份'),
(283, 6, '東山綜合滷味', 260, 14.2, 38.3, 5.5, 1, '份'),
(284, 6, '牛奶鳳梨（截切）', 115, 1.4, 26.2, 0.5, 1, '份'),
(285, 6, '火山鳳梨（截切）', 85, 0.6, 22.4, 0.0, 1, '份'),
(286, 6, '火腿洋芋沙拉', 157, 3.4, 21.6, 6.3, 1, '份'),
(287, 6, '香辣醬冰糖滷味', 155, 7.6, 17.0, 6.2, 1, '份'),
(288, 6, '雙拼水果盒（截切）', 71, 1.6, 6.1, 0.0, 1, '份'),
(289, 6, '雞汁油蔥手工麵線', 290, 9.2, 39.2, 10.8, 1, '份'),
(290, 6, '糖燻豬耳絲', 170, 16.1, 1.3, 11.2, 1, '份'),
(291, 6, '秘香椒麻嫩雞胸', 149, 29.0, 3.8, 1.9, 1, '份'),
(292, 6, '雙色地瓜雞肉握沙拉', 314, 6.5, 43.6, 12.6, 1, '份'),
(293, 6, '地瓜雞胸沙拉', 209, 9.2, 36.7, 2.9, 1, '份'),
(294, 6, '五色海藻沙拉', 38, 1.6, 8.0, 0.0, 1, '份'),
(295, 6, '泰式香檸嫩雞胸', 121, 24.5, 1.8, 1.8, 1, '份'),
(296, 6, '蕃茄蛋洋芋握沙拉', 249, 8.7, 24.1, 13.2, 1, '份'),
(297, 6, '彩蔬洋芋火腿沙拉', 131, 4.2, 18.3, 4.6, 1, '份'),
(298, 6, '蕃茄蛋洋芋握沙拉', 249, 8.7, 24.1, 13.2, 1, '份'),
(299, 6, '鹹水雞胸', 100, 17.7, 0.0, 3.2, 1, '份'),
(300, 6, '十品目田園沙拉', 71, 1.6, 16.2, 0.0, 1, '份'),
(301, 6, '凱薩沙拉', 47, 1.7, 8.3, 0.8, 1, '份'),
(302, 6, '香麻滷雞爪', 180, 16.6, 5.8, 10.0, 1, '份'),
(303, 6, '蔥鹽雞肉沙拉', 188, 12.4, 24.2, 4.6, 1, '份'),
(304, 6, '優格鮪魚沙拉', 157, 4.7, 20.6, 6.2, 1, '份'),
(305, 6, '履歷子彈蓮霧（截切）', 65, 0.6, 15.3, 0.2, 1, '份'),
(306, 6, '椒鹽鮭豚丸', 203, 12.6, 9.3, 12.8, 1, '份'),
(307, 6, '繽紛水果佐鮮乳優格', 198, 6.3, 25.1, 8.0, 1, '份'),
(308, 6, '蒜味香腸', 207, 8.7, 9.4, 14.9, 1, '份'),
(309, 6, '吹風滷味', 212, 11.0, 22.1, 8.9, 1, '份'),
(310, 6, '烤雞蒟蒻麵沙拉', 121, 7.5, 8.5, 6.3, 1, '份'),
(311, 6, '茶葉蛋白', 45, 9.2, 1.8, 0.1, 1, '份'),
(312, 6, '維也納風味雞肉棒', 195, 10.3, 6.1, 14.4, 1, '份'),
(313, 6, '香橘醋金時地瓜沙拉', 189, 10.5, 24.0, 5.7, 1, '份'),
(314, 6, '蒜香紐奧良風味雞Ｑ丸', 110, 12.8, 3.4, 5.0, 1, '份'),
(315, 6, '日式海藻雞絲沙拉', 102, 3.9, 11.8, 4.3, 1, '份'),
(316, 6, '十品目田園沙拉', 45, 1.6, 9.6, 0.0, 1, '份'),
(317, 6, '泰式青木瓜雞絲沙拉', 107, 4.9, 16.1, 2.6, 1, '份'),
(318, 6, '墨式肉醬起司捲', 283, 15.2, 26.3, 12.9, 1, '份'),
(319, 6, '古早味炒炊粉', 492, 7.3, 60.4, 24.4, 1, '份'),
(320, 6, '蔬食鮪魚握沙拉', 241, 8.2, 22.5, 13.1, 1, '份'),
(321, 6, '黑胡椒蒜味雞柳條', 118, 21.2, 1.8, 2.9, 1, '份'),
(322, 6, '松露起司烘蛋捲', 267, 13.6, 19.8, 14.8, 1, '份'),
(323, 6, '糖燻貢丸', 45, 2.3, 1.2, 3.4, 1, '份'),
(324, 6, '辛潮椒麻小香腸', 188, 7.7, 6.6, 14.5, 1, '份'),
(325, 6, '古早味香滷嫩雞胸', 136, 28.1, 4.3, 0.7, 1, '份'),
(326, 6, '高粱酒珍珠香腸', 193, 7.7, 8.3, 14.4, 1, '份'),
(327, 6, '莎莎烤雞麵沙拉', 232, 12.6, 35.8, 4.3, 1, '份'),
(328, 6, '古早味香滷嫩雞胸增量版', 184, 37.9, 5.8, 1.0, 1, '份'),
(329, 6, '蒜香紐奧良風味雞Ｑ丸增量版', 149, 17.3, 4.6, 6.8, 1, '份'),
(330, 6, '雪梨（截切）', 56, 0.4, 13.3, 0.7, 1, '份'),
(331, 6, '水梨（截切）', 58, 0.8, 15.0, 0.0, 1, '份'),
(332, 6, '蘋果油醋雞肉沙拉', 226, 14.2, 24.5, 8.0, 1, '份'),
(333, 6, '青醬優格雞肉握沙拉', 202, 8.5, 24.8, 7.5, 1, '份'),
(334, 6, '薑汁胡麻溫野菜', 264, 6.6, 9.8, 22.1, 1, '份'),
(335, 6, '青醬優格雞肉握沙拉', 202, 8.5, 24.8, 7.5, 1, '份'),
(336, 6, '香辣蛋白丁', 61, 8.1, 6.8, 0.0, 1, '份'),
(337, 6, '麻油拌麵線', 345, 7.5, 49.8, 13.0, 1, '份'),
(338, 6, '黃金霸王腿條', 241, 11.3, 10.6, 17.0, 1, '份'),
(339, 6, '匈牙利香草烤雞翅', 202, 19.4, 1.5, 13.1, 1, '份'),
(340, 6, '麻辣燙', 308, 18.9, 37.8, 9.0, 1, '份'),
(341, 6, '法式舒肥嫩雞胸', 94, 19.5, 1.0, 1.3, 1, '份'),
(342, 6, '川味香麻嫩雞胸', 104, 20.4, 1.0, 2.1, 1, '份'),
(343, 6, '原味德國Ｑ脆腸', 148, 6.7, 4.0, 11.7, 1, '份'),
(344, 6, '蒜味德國Ｑ脆腸', 145, 6.5, 5.1, 10.9, 1, '份'),
(345, 6, '滿漢小香腸', 228, 9.7, 8.6, 17.2, 1, '份'),
(346, 6, '乳酪德式小香腸', 150, 6.9, 4.7, 11.4, 1, '份'),
(347, 6, '珍珠香腸（蒜味）', 179, 8.7, 11.1, 11.1, 1, '份'),
(348, 6, '珍珠香腸（紹興）', 222, 8.0, 8.0, 17.5, 1, '份'),
(349, 6, '香蔥經典嫩雞胸', 154, 22.4, 4.1, 5.3, 1, '份'),
(350, 6, '甲霸大熱狗', 193, 9.8, 7.0, 14.0, 1, '份'),
(351, 6, '義式經典嫩雞胸', 120, 21.7, 1.5, 3.0, 1, '份'),
(352, 7, '馬祖老酒香腸', 148, 10.2, 5.5, 9.5, 1, '份'),
(353, 7, '鼎王麻辣腸', 154, 9.8, 6.8, 9.7, 1, '份'),
(354, 7, '辣味德式香腸', 169, 9.9, 2.1, 13.4, 1, '份'),
(355, 7, '金黃芝士熱狗', 220, 10.9, 4.6, 17.5, 1, '份'),
(356, 7, '經典原味熱狗', 224, 11.0, 3.6, 18.4, 1, '份'),
(357, 7, '紹興夯腸', 200, 8.1, 2.7, 17.4, 1, '份'),
(358, 7, '冰烤蕃薯', 72, 0.7, 17.3, 0.0, 1, '份'),
(359, 7, '爆汁原味熱狗', 189, 12.3, 1.6, 14.8, 1, '份'),
(360, 7, '青花椒麻爆汁熱狗', 227, 9.4, 7.6, 17.7, 1, '份'),
(361, 7, '辣味爆汁熱狗', 180, 10.2, 4.7, 13.4, 1, '份'),
(362, 8, '鹽味毛豆', 178, 16.3, 15.7, 5.6, 1, '份'),
(363, 8, '蒜蒜辣烤腿排', 226, 18.8, 1.3, 16.2, 1, '份'),
(364, 8, '起司火腿蔥抓餅', 412, 12.3, 50.9, 17.7, 1, '份'),
(365, 8, '香腸肉燥炒麵', 263, 11.7, 38.7, 6.8, 1, '份'),
(366, 8, '池上白飯（３入）', 283, 4.2, 61.8, 2.2, 1, '份'),
(367, 8, '川味椒麻煎餃', 412, 12.3, 50.9, 17.7, 1, '份'),
(368, 8, '麻油肉絲炒飯', 344, 8.7, 46.8, 13.5, 1, '份'),
(369, 8, '麻辣豬皮', 247, 19.8, 5.5, 16.2, 1, '份'),
(370, 8, '水煎包', 160, 6.1, 23.8, 4.5, 1, '份'),
(371, 8, '塔香鹹酥雞', 202, 13.3, 11.3, 11.5, 1, '份'),
(372, 8, '泰式辣炒豬肉飯', 361, 10.9, 56.8, 10.0, 1, '份'),
(373, 8, '玉米豬肉手工水餃', 295, 13.5, 35.7, 10.9, 1, '份'),
(374, 8, '泰式蛤蜊酸辣寬粉', 143, 3.6, 27.9, 1.9, 1, '份'),
(375, 8, '韓式炸Ｇ', 213, 11.1, 28.6, 6.0, 1, '份'),
(376, 8, '椒麻綜合滷味', 235, 8.1, 21.5, 12.9, 1, '份'),
(377, 8, '田家千層三星蔥拉餅', 334, 6.5, 37.1, 17.8, 1, '份'),
(378, 8, '田家千層胡椒拉餅', 316, 9.3, 39.3, 13.5, 1, '份'),
(379, 8, '海底撈麻辣炒泡麵', 354, 7.4, 35.8, 20.1, 1, '份'),
(380, 8, '招牌鮮肉鍋貼', 215, 8.1, 19.0, 11.8, 1, '份'),
(381, 8, '一口鮮肉餡餅', 377, 16.6, 38.3, 17.5, 1, '份'),
(382, 8, '雙起司火腿蔥抓餅', 422, 13.5, 53.0, 17.3, 1, '份'),
(383, 8, '經典小籠湯包', 117, 6.6, 13.9, 3.9, 1, '份'),
(384, 8, '少一杯雙拼', 126, 2.9, 18.6, 4.4, 1, '份'),
(385, 8, '鮮肉爆漿餡餅', 317, 13.8, 32.8, 14.5, 1, '份'),
(386, 8, '美式ＢＢＱ翅腿', 282, 22.1, 11.9, 16.2, 1, '份'),
(387, 8, '紐澳良辣味烤翅', 240, 20.7, 5.9, 14.9, 1, '份'),
(388, 8, '玉米豬肉手工水餃', 139, 6.6, 17.2, 4.9, 1, '份'),
(389, 8, '鮮肉小籠湯包', 94, 6.2, 9.4, 3.5, 1, '份'),
(390, 8, '泰式打拋燴飯', 252, 7.2, 43.4, 5.6, 1, '份'),
(391, 8, '日式可可咖哩飯', 367, 6.1, 72.5, 5.8, 1, '份'),
(392, 8, '經典鮮肉鍋貼', 375, 15.3, 37.3, 18.2, 1, '份'),
(393, 8, '海陸綜合鮮肉燒賣', 134, 8.4, 11.1, 6.2, 1, '份'),
(394, 8, '奶油雙饗義大利麵', 252, 10.5, 34.5, 8.1, 1, '份'),
(395, 8, '韓式炸醬麵', 299, 10.2, 53.6, 4.9, 1, '份'),
(396, 8, '咖哩豬肉烏龍麵', 272, 6.7, 42.7, 8.3, 1, '份'),
(397, 8, '胡麻乾拌麵', 313, 12.8, 44.1, 9.5, 1, '份'),
(398, 8, '椒麻擔擔麵', 313, 9.5, 43.1, 11.6, 1, '份'),
(399, 8, '黑胡椒素雞塊', 281, 14.9, 23.4, 14.2, 1, '份'),
(400, 8, '香烤雞腿條', 95, 14.5, 4.3, 2.2, 1, '份'),
(401, 8, '十三香烤雞翅', 248, 18.7, 6.6, 16.3, 1, '份'),
(402, 8, '韓式炸雞', 259, 12.9, 22.9, 12.9, 1, '份'),
(403, 8, '糖醋炸雞', 244, 13.1, 21.0, 11.9, 1, '份'),
(404, 8, '霸王黃金香雞腿', 189, 14.7, 8.7, 10.6, 1, '份'),
(405, 8, '霸王黃金酷辣雞腿排', 334, 20.8, 12.6, 22.3, 1, '份'),
(406, 8, '美式香辣雞球', 280, 14.3, 14.3, 18.4, 1, '份'),
(407, 8, '酥炸薯花', 222, 2.1, 27.7, 11.3, 1, '份'),
(408, 8, '香蒜排骨酥', 271, 16.3, 15.5, 16.0, 1, '份'),
(409, 8, '黃金起司香雞塊（重組）', 240, 14.3, 16.1, 13.2, 1, '份'),
(410, 8, '咖哩炸雞', 286, 13.9, 20.7, 16.3, 1, '份'),
(411, 8, '鮮肉爆漿餡餅', 317, 13.8, 32.8, 14.5, 1, '份'),
(412, 8, '鮮肉小籠湯包', 94, 6.2, 9.4, 3.5, 1, '份'),
(413, 8, '韓式泡菜豬肉煎餃', 60, 2.3, 5.8, 3.0, 1, '份'),
(414, 8, '經典鮮肉鍋貼', 375, 15.3, 37.3, 18.2, 1, '份'),
(415, 8, '海陸綜合鮮肉燒賣', 145, 9.0, 9.4, 7.9, 1, '份'),
(416, 8, '夏威夷風味厚片ｐｉｚｚａ', 308, 13.0, 39.8, 10.8, 1, '份'),
(417, 8, '韓式泡菜厚片ｐｉｚｚａ', 304, 14.7, 36.3, 11.1, 1, '份'),
(418, 8, '玉米豬肉手工水餃', 139, 6.6, 17.2, 4.9, 1, '份'),
(419, 8, '港式臘味蘿蔔糕', 101, 2.0, 13.8, 4.2, 1, '份'),
(420, 8, '美式ＢＢＱ翅腿', 282, 22.1, 11.9, 16.2, 1, '份'),
(421, 8, '紐澳良辣味烤翅', 240, 20.7, 5.9, 14.9, 1, '份'),
(422, 8, '香烤雞腿條', 95, 14.5, 4.3, 2.2, 1, '份'),
(423, 8, '十三香烤雞翅', 248, 18.7, 6.6, 16.3, 1, '份'),
(424, 8, '墨西哥風味烤雞腿丁', 173, 17.2, 3.9, 9.8, 1, '份'),
(425, 8, '蜜汁雞柳', 190, 10.7, 18.8, 8.0, 1, '份'),
(426, 8, '照燒雞腿肉串', 74, 9.8, 3.4, 2.3, 1, '份'),
(427, 8, '蕃茄肉醬義大利麵', 252, 9.8, 42.0, 4.9, 1, '份'),
(428, 8, '青醬雞肉義大利麵', 278, 9.5, 33.8, 11.7, 1, '份'),
(429, 8, '日式可可咖哩飯', 367, 6.1, 72.5, 5.8, 1, '份'),
(430, 8, '椒麻擔擔麵', 313, 9.5, 43.1, 11.6, 1, '份'),
(431, 8, '鹹魚雞粒炒飯', 404, 11.5, 55.7, 15.0, 1, '份'),
(432, 8, '蜜汁叉燒炒飯', 396, 12.2, 54.0, 14.5, 1, '份'),
(433, 8, '義式紅醬培根義大利麵', 243, 10.9, 32.0, 7.9, 1, '份'),
(434, 8, '青醬雞丁義大利麵', 284, 13.8, 27.5, 13.1, 1, '份'),
(435, 8, '奶油蕈菇松露燉飯', 265, 3.3, 41.3, 9.6, 1, '份'),
(436, 8, '咖哩豬肉烏龍麵', 272, 6.7, 42.7, 8.3, 1, '份'),
(437, 8, '胡麻乾拌麵', 313, 12.8, 44.1, 9.5, 1, '份'),
(438, 8, 'ＸＯ蠔油粉絲煲', 232, 2.1, 44.1, 5.3, 1, '份'),
(439, 8, '美式卡真醬雞肉捲', 304, 18.2, 4.6, 23.6, 1, '份'),
(440, 8, '黑胡椒毛豆', 211, 13.0, 17.5, 10.0, 1, '份'),
(441, 8, '黑胡椒素雞塊', 281, 14.9, 23.4, 14.2, 1, '份'),
(442, 8, '素花枝丸', 135, 3.7, 19.7, 4.6, 1, '份'),
(443, 8, '香辣滷百頁', 266, 14.4, 12.9, 17.4, 1, '份'),
(444, 8, '傳香醬滷素米血', 177, 3.6, 36.7, 1.8, 1, '份'),
(445, 8, '素鹹酥雞', 307, 18.2, 11.7, 20.8, 1, '份'),
(446, 8, '美式香辣素雞米花', 369, 13.3, 18.0, 27.1, 1, '份'),
(447, 8, '紅燒牛肉湯', 195, 16.6, 9.9, 9.9, 1, '份'),
(448, 8, '蒜香舒食嫩雞胸（三入）', 90, 18.7, 1.8, 0.9, 1, '份'),
(449, 8, '韓式炸雞分享包', 247, 12.3, 21.8, 12.3, 1, '份'),
(450, 8, '美式香辣雞球分享包', 280, 14.3, 14.3, 18.4, 1, '份'),
(451, 8, '親愛的鬆餅', 290, 5.4, 29.4, 16.8, 1, '份'),
(452, 8, '川府麻辣熟水餃', 98, 4.7, 14.7, 2.2, 1, '份'),
(453, 8, '印度咖哩熟水餃', 102, 4.8, 15.4, 2.4, 1, '份'),
(454, 8, '塔香蕃茄熟水餃', 91, 5.0, 13.1, 2.0, 1, '份'),
(455, 8, '韓式泡菜熟水餃', 92, 4.3, 14.8, 1.7, 1, '份'),
(456, 8, '芋香豬肉丸', 261, 6.8, 20.9, 16.7, 1, '份'),
(457, 8, '植物肉素餡餅', 160, 6.5, 18.0, 6.8, 1, '份'),
(458, 9, '鼎王麻辣蛋', 72, 6.0, 3.0, 4.0, 1, '份'),
(459, 9, '奶皇包２０', 188, 4.9, 29.1, 5.7, 1, '份'),
(460, 9, '茶碗蒸（海鮮風味）', 106, 8.2, 6.0, 5.5, 1, '份'),
(461, 9, '金家ㄟ春川起司辣炒雞包', 229, 10.3, 36.7, 4.6, 1, '份'),
(462, 9, '金家ㄟ泡菜豬肉包', 236, 8.2, 37.4, 5.9, 1, '份'),
(463, 9, '金家ㄟ紫薯地瓜包', 157, 3.4, 31.5, 2.0, 1, '份'),
(464, 9, '金家ㄟ紅豆包', 159, 4.9, 32.6, 1.0, 1, '份'),
(465, 9, '叉燒包', 280, 8.4, 47.7, 6.2, 1, '份'),
(466, 9, '起司銀絲卷', 224, 7.0, 40.8, 3.7, 1, '份'),
(467, 9, '泰式甜辣虎皮蛋', 190, 12.8, 10.0, 11.0, 1, '份'),
(468, 9, '芝麻包', 224, 5.2, 34.3, 7.3, 1, '份'),
(469, 9, '日式茶碗蒸', 82, 7.5, 2.6, 4.5, 1, '份'),
(470, 9, '松花皮蛋', 88, 7.0, 1.3, 6.1, 1, '份'),
(471, 9, '出油熟鹹蛋', 102, 7.2, 1.0, 7.6, 1, '份'),
(472, 9, '花雕吉運蛋', 81, 6.7, 4.2, 4.2, 1, '份'),
(473, 9, '大鮮肉包２．０', 290, 9.1, 44.6, 8.4, 1, '份'),
(474, 9, '大鮮筍包２．０', 276, 11.2, 41.4, 7.3, 1, '份'),
(475, 9, '瑪利歐香菇肉包', 258, 9.7, 38.3, 7.3, 1, '份'),
(476, 9, '浪漫台三線梅干扣肉包', 244, 8.4, 38.2, 6.4, 1, '份'),
(477, 9, '青花椒麻虎紋蛋', 165, 12.2, 5.1, 10.7, 1, '份'),
(478, 9, '青花椒麻香肉包', 248, 10.4, 36.9, 6.5, 1, '份'),
(479, 9, '鮮乳坊起司銀絲卷', 209, 7.1, 41.6, 1.5, 1, '份'),
(480, 9, '金家ㄟ粉紅醬爆漿起司包', 264, 9.3, 42.9, 6.1, 1, '份'),
(481, 9, '金家ㄟ紅豆核桃包', 171, 4.9, 32.8, 2.2, 1, '份'),
(482, 9, '玫瑰鹽水煮蛋', 49, 4.6, 0.6, 3.1, 1, '份'),
(483, 10, '萬丹巧克力牛奶', 192, 7.3, 29.0, 5.2, 1, '份'),
(484, 10, '光泉無加糖優酪乳', 148, 8.0, 26.2, 1.2, 1, '份'),
(485, 10, '活益比菲多減糖纖維', 278, 5.2, 67.8, 0.0, 1, '份'),
(486, 10, '桂格顆粒燕麥９２０ｍｌ', 132, 4.0, 22.6, 3.4, 1, '份'),
(487, 10, '萬丹巧克力牛奶９３６ｍｌ', 206, 7.8, 31.2, 5.6, 1, '份'),
(488, 10, '桂格１００％喝的燕麥９２０ｍｌ', 133, 3.9, 24.0, 3.1, 1, '份'),
(489, 10, '光泉可可榛果燕麥奶', 220, 8.2, 35.6, 5.2, 1, '份'),
(490, 10, 'ＯａｔＹａ職人燕麥奶', 243, 5.3, 30.0, 11.3, 1, '份'),
(491, 10, '義美無加糖高纖燕麥奶', 167, 5.3, 29.6, 4.1, 1, '份'),
(492, 10, '福樂超能蛋白牛乳奶茶風味', 189, 20.6, 26.6, 0.0, 1, '份'),
(493, 10, '自然零水蜜桃優酪乳', 135, 7.1, 21.4, 2.3, 1, '份'),
(494, 10, 'ＦＭＣ芝麻米漿', 124, 1.0, 25.6, 1.9, 1, '份'),
(495, 10, 'Ａ２β酪蛋白鮮乳２００ｍｌ', 136, 6.4, 9.6, 8.0, 1, '份'),
(496, 10, '愛之味蜂蜜燕麥', 142, 2.0, 24.1, 4.9, 1, '份'),
(497, 10, 'ＯａｔＹａ蜂蜜燕麥奶', 151, 2.2, 22.6, 5.8, 1, '份'),
(498, 10, '義美海鹽厚可可', 234, 10.4, 35.0, 5.8, 1, '份'),
(499, 10, '義美堅果杏仁全豆奶９００', 172, 10.5, 17.3, 8.3, 1, '份'),
(500, 10, '義美厚濃豆奶９３６ｍｌ', 178, 16.5, 10.9, 8.5, 1, '份'),
(501, 10, '義美高纖全豆豆奶９３６', 125, 11.5, 10.1, 5.8, 1, '份'),
(502, 10, '義美高纖燕麥奶９３６ｍｌ', 139, 4.4, 24.6, 3.4, 1, '份'),
(503, 10, '光泉優質蛋白牛乳９３６ｍｌ', 188, 15.6, 27.1, 1.9, 1, '份'),
(504, 10, '光泉高鈣牛乳９３６ｍｌ', 218, 10.3, 20.3, 10.6, 1, '份'),
(505, 10, '光泉富維他牛乳９３６ｍｌ', 179, 4.7, 26.8, 5.9, 1, '份'),
(506, 10, '光泉草莓牛乳', 142, 4.9, 24.1, 2.9, 1, '份'),
(507, 10, '福樂超能蜂蜜口味營養牛乳', 186, 9.4, 27.8, 4.1, 1, '份'),
(508, 10, '義美黑可可植物蛋白奶', 340, 21.2, 30.8, 14.7, 1, '份'),
(509, 10, '優豆核桃堅果奶', 96, 2.5, 9.0, 5.6, 1, '份'),
(510, 10, '燕麥核桃堅果奶', 118, 2.0, 14.3, 5.9, 1, '份'),
(511, 10, '光泉高鈣鮮豆漿', 203, 15.3, 18.4, 7.6, 1, '份'),
(512, 10, '光泉燕麥高纖無加糖鮮豆漿', 185, 14.4, 18.0, 8.1, 1, '份'),
(513, 10, 'ＦＭＣ紅豆紫米漿', 127, 2.9, 28.8, 0.0, 1, '份'),
(514, 10, '福樂超能蛋白營養牛乳可可口味', 202, 20.3, 25.1, 2.3, 1, '份'),
(515, 10, '加倍佳草莓牛奶', 206, 6.0, 31.1, 6.4, 1, '份'),
(516, 10, '光泉米漿米米杯　', 144, 3.2, 21.8, 4.9, 1, '份'),
(517, 10, '養樂多巧克力牛奶', 78, 3.0, 11.3, 2.3, 1, '份'),
(518, 10, 'ＬＣＡ活菌清爽發酵乳', 76, 1.6, 17.4, 0.0, 1, '份'),
(519, 10, 'ＦＭＣ特濃黑可可', 280, 8.5, 32.0, 13.1, 1, '份'),
(520, 10, '光泉高鈣牛乳', 279, 13.2, 26.0, 13.6, 1, '份'),
(521, 10, 'ＯａｔＹａ綠豆沙燕麥奶', 156, 3.1, 22.8, 5.8, 1, '份'),
(522, 10, '義美蜂蜜燕麥奶', 195, 3.0, 38.1, 4.0, 1, '份'),
(523, 10, '乳香世家全脂鮮乳４４０ｍｌ', 291, 14.5, 21.6, 16.3, 1, '份'),
(524, 10, '林鳳營全脂鮮乳２２８ｍｌ', 148, 7.3, 10.9, 8.4, 1, '份'),
(525, 10, '乳香世家全脂鮮乳２２０ｍｌ', 145, 7.3, 10.8, 8.1, 1, '份'),
(526, 10, '義美全脂鮮乳２３６ｍｌ', 154, 7.3, 11.7, 8.7, 1, '份'),
(527, 10, '林鳳營全脂鮮乳３３８ｍｌ', 221, 10.8, 16.2, 12.5, 1, '份'),
(528, 10, '鮮乳坊嘉明鮮乳', 139, 6.7, 10.1, 8.0, 1, '份'),
(529, 10, '義美全脂鮮乳２９０ｍｌ', 190, 9.0, 14.3, 10.7, 1, '份'),
(530, 10, '光泉全脂鮮乳２９０ｍｌ', 192, 9.6, 14.2, 10.7, 1, '份'),
(531, 10, '瑞穗全脂鮮奶', 189, 9.3, 13.9, 10.7, 1, '份'),
(532, 10, '牧場直送４．０鮮乳３７５ｍｌ', 255, 12.0, 18.0, 15.0, 1, '份'),
(533, 10, '林鳳營低脂鮮乳３３８ｍｌ', 150, 10.8, 16.2, 4.7, 1, '份'),
(534, 10, '林鳳營低脂鮮乳２２８ｍｌ', 102, 7.3, 10.9, 3.2, 1, '份'),
(535, 10, '光泉低脂鮮乳２９０ｍｌ', 133, 9.6, 14.5, 4.1, 1, '份'),
(536, 10, '瑞穗低脂鮮乳', 129, 9.3, 13.9, 4.1, 1, '份'),
(537, 10, '光泉果汁牛乳９３６ｍｌ', 186, 5.3, 29.3, 5.3, 1, '份'),
(538, 10, '光泉巧克力牛乳９３６ｍｌ', 199, 7.8, 32.1, 4.4, 1, '份'),
(539, 10, '統一木瓜牛乳', 303, 9.1, 47.3, 8.6, 1, '份'),
(540, 10, '統一阿華田', 197, 5.8, 31.3, 5.5, 1, '份'),
(541, 10, '綠豆沙牛乳', 231, 6.8, 34.8, 7.2, 1, '份'),
(542, 10, '光泉杯裝全脂鮮乳', 162, 8.1, 12.0, 9.1, 1, '份'),
(543, 10, '瑞穗麥芽牛奶', 279, 7.2, 40.0, 10.0, 1, '份'),
(544, 10, '愛之味黑巧燕麥飲', 183, 4.4, 22.9, 9.3, 1, '份'),
(545, 10, '光泉木瓜牛乳', 249, 7.2, 38.8, 7.2, 1, '份'),
(546, 10, '金蘋果調味乳蘋果風味', 112, 2.6, 19.6, 2.6, 1, '份'),
(547, 10, '光泉果汁牛乳', 178, 4.9, 27.3, 5.5, 1, '份'),
(548, 10, '光泉巧克力牛乳', 186, 7.3, 29.9, 4.1, 1, '份'),
(549, 10, '福樂鈣多多牛乳', 257, 11.6, 21.4, 13.9, 1, '份'),
(550, 10, '光泉富維他牛乳', 230, 6.0, 34.4, 7.6, 1, '份'),
(551, 10, '光泉杯裝麥芽牛乳', 156, 4.7, 23.3, 4.9, 1, '份'),
(552, 10, '桂格堅果燕麥飲', 118, 3.5, 20.6, 2.9, 1, '份'),
(553, 10, '光泉優質蛋白巧克力牛奶', 241, 20.0, 34.8, 2.4, 1, '份'),
(554, 10, '光泉燕麥奶', 203, 6.0, 34.5, 4.9, 1, '份'),
(555, 10, '桂格豆漿燕麥飲', 109, 6.1, 14.5, 3.5, 1, '份'),
(556, 10, '愛之味純濃燕麥天然原味', 131, 4.1, 24.1, 2.9, 1, '份'),
(557, 10, '光泉蘋果牛乳', 203, 4.6, 34.5, 5.2, 1, '份'),
(558, 10, '光泉麥芽牛乳', 185, 5.5, 27.6, 5.8, 1, '份'),
(559, 10, '桂格１００％喝的燕麥', 127, 3.8, 22.9, 2.9, 1, '份'),
(560, 10, '瑞穗蘋果牛奶', 285, 6.0, 47.2, 8.0, 1, '份'),
(561, 10, '桂格顆粒燕麥飲', 125, 3.8, 21.5, 3.2, 1, '份'),
(562, 10, 'ＡＢ優酪乳原味９０２ｍｌ', 180, 9.0, 31.9, 1.8, 1, '份'),
(563, 10, 'ＡＢ優酪乳無加糖９０２ｍｌ', 173, 9.3, 25.2, 3.9, 1, '份'),
(564, 10, '鮮乳坊玻妞優格飲', 74, 2.6, 11.9, 1.8, 1, '份'),
(565, 10, 'ＡＢ優酪乳原味５１７ｍｌ', 155, 7.8, 27.4, 1.6, 1, '份'),
(566, 10, 'ＡＢ優酪乳原味', 123, 6.2, 21.8, 1.2, 1, '份'),
(567, 10, '光泉原味優酪乳', 139, 7.0, 16.6, 5.0, 1, '份'),
(568, 10, 'ＡＢ草莓優酪乳', 139, 5.6, 27.4, 0.8, 1, '份'),
(569, 10, '林鳳營無加糖益生菌優酪乳', 123, 8.0, 11.9, 4.8, 1, '份'),
(570, 10, '養樂多草莓優酪乳', 89, 4.0, 18.1, 0.0, 1, '份'),
(571, 10, '自然零無加糖優酪乳', 118, 7.6, 17.2, 2.1, 1, '份'),
(572, 10, '光泉草莓綜合優酪乳', 121, 4.6, 21.2, 2.0, 1, '份'),
(573, 10, 'ＬＰ３３機能優酪乳', 107, 4.8, 19.6, 1.0, 1, '份'),
(574, 10, 'ＡＢ優酪乳無加糖', 119, 6.4, 17.3, 2.7, 1, '份'),
(575, 10, 'ＡＢ優酪乳無加糖５１７ｍｌ', 149, 8.0, 21.7, 3.4, 1, '份'),
(576, 10, '養樂多（５入）', 72, 1.2, 16.1, 0.0, 1, '份'),
(577, 10, 'ＬＰ３３益敏優多', 112, 2.0, 26.0, 0.0, 1, '份'),
(578, 10, '活益比菲多發酵乳原味', 297, 4.7, 69.7, 0.0, 1, '份'),
(579, 10, '養樂多', 72, 1.2, 16.1, 0.0, 1, '份'),
(580, 10, '活益比菲多減糖配方', 185, 4.4, 37.4, 1.9, 1, '份'),
(581, 10, 'ＬＣＡ活菌原味發酵乳', 215, 3.6, 50.1, 0.0, 1, '份'),
(582, 10, '統一多多活菌發酵乳牛奶口味', 126, 2.4, 27.0, 0.8, 1, '份'),
(583, 10, '統一多多活菌發酵乳原味３００', 243, 4.0, 56.8, 0.0, 1, '份'),
(584, 10, '統一多多活菌發酵乳草莓口味', 109, 2.0, 25.2, 0.0, 1, '份'),
(585, 10, '活益比菲多新纖順暢', 296, 4.4, 72.7, 0.0, 1, '份'),
(586, 10, '養樂多３００ＬＩＧＨＴ活菌發酵', 52, 1.3, 14.5, 0.0, 1, '份'),
(587, 10, '養樂多（５入）３００ＬＩＧＨＴ', 53, 1.3, 14.5, 0.0, 1, '份'),
(588, 10, '統一多多活菌發酵乳原味', 125, 2.0, 29.2, 0.0, 1, '份'),
(589, 10, '光泉薏仁糙米漿', 255, 5.6, 42.8, 6.8, 1, '份'),
(590, 10, '光泉鮮豆漿', 230, 15.2, 24.4, 8.0, 1, '份'),
(591, 10, '統一陽光無糖高纖豆漿', 183, 15.3, 15.8, 8.6, 1, '份'),
(592, 10, '光泉米漿', 250, 5.2, 41.2, 7.2, 1, '份'),
(593, 10, '光泉燕麥高纖豆漿', 164, 12.8, 16.0, 7.2, 1, '份'),
(594, 10, '光泉無加糖鮮豆漿', 145, 13.6, 6.4, 7.2, 1, '份'),
(595, 10, '統一陽光黃金豆豆漿', 263, 15.8, 28.8, 9.4, 1, '份'),
(596, 10, '統一陽光低糖高纖豆漿', 212, 15.3, 23.0, 8.6, 1, '份'),
(597, 10, '光泉黑芝麻鮮豆漿', 230, 9.6, 30.0, 8.0, 1, '份'),
(598, 10, '光泉豆漿９３６ｍｌ', 179, 11.8, 19.0, 6.2, 1, '份'),
(599, 10, '光泉米漿９３６ｍｌ', 195, 4.0, 32.1, 5.6, 1, '份'),
(600, 10, '義美古早傳統低糖豆奶', 168, 13.6, 12.7, 7.0, 1, '份'),
(601, 10, '義美古早傳統豆奶', 209, 14.0, 21.8, 7.4, 1, '份'),
(602, 10, '義美古早傳統無糖豆奶', 136, 13.6, 4.8, 6.9, 1, '份'),
(603, 10, '義美古早傳統豆奶１Ｌ', 131, 8.8, 13.6, 4.6, 1, '份'),
(604, 10, '義美古早傳統無糖豆奶１Ｌ', 85, 8.5, 3.0, 4.3, 1, '份'),
(605, 10, '光泉無加糖黑豆漿', 142, 14.0, 5.2, 7.2, 1, '份'),
(606, 10, 'ＦＭＣ薏仁漿', 72, 1.3, 15.4, 0.6, 1, '份'),
(607, 10, '義美無糖高纖豆奶', 159, 13.6, 14.0, 7.2, 1, '份'),
(608, 10, '光泉無加糖濃豆漿', 190, 19.1, 7.9, 9.8, 1, '份'),
(609, 10, '義美無加糖厚濃豆奶', 228, 21.2, 13.9, 10.9, 1, '份'),
(610, 10, '光泉無加糖濃黑豆漿', 198, 19.1, 11.6, 9.8, 1, '份'),
(611, 10, '義美無加糖高纖全豆豆奶', 132, 12.2, 10.7, 6.2, 1, '份'),
(612, 10, '義美無加糖厚濃高纖黑豆奶', 201, 19.9, 12.4, 9.4, 1, '份'),
(613, 10, '義美無加糖燕麥全豆豆奶', 171, 6.5, 30.2, 3.7, 1, '份'),
(614, 10, '義美高纖堅果杏仁全豆奶', 172, 10.5, 17.3, 8.3, 1, '份');

-- --------------------------------------------------------

--
-- 資料表結構 `fytrack_nutrition`
--

CREATE TABLE `fytrack_nutrition` (
  `ntdentry_sid` int(11) NOT NULL,
  `member_id` int(11) NOT NULL,
  `caloric_target` int(11) NOT NULL,
  `protein_target` int(11) NOT NULL,
  `carb_target` int(11) NOT NULL,
  `fat_target` int(11) NOT NULL
) ENGINE=InnoDB DEFAULT CHARSET=utf8mb4 COLLATE=utf8mb4_general_ci;

--
-- 傾印資料表的資料 `fytrack_nutrition`
--

INSERT INTO `fytrack_nutrition` (`ntdentry_sid`, `member_id`, `caloric_target`, `protein_target`, `carb_target`, `fat_target`) VALUES
(1, 1, 1800, 50, 60, 55),
(2, 2, 1350, 50, 40, 55),
(3, 3, 1400, 50, 20, 55),
(4, 4, 1500, 55, 40, 55),
(5, 5, 1700, 60, 45, 70),
(6, 6, 1800, 60, 45, 70),
(7, 7, 1100, 50, 20, 55),
(8, 8, 1200, 50, 20, 55),
(9, 9, 1700, 60, 25, 70),
(10, 10, 1800, 60, 45, 70),
(11, 56, 1800, 50, 60, 55);

-- --------------------------------------------------------

--
-- 資料表結構 `intake_timing_reference`
--

CREATE TABLE `intake_timing_reference` (
  `intake_timing_id` int(11) NOT NULL,
  `intake_timing_name` varchar(10) NOT NULL
) ENGINE=InnoDB DEFAULT CHARSET=utf8mb4 COLLATE=utf8mb4_general_ci;

--
-- 傾印資料表的資料 `intake_timing_reference`
--

INSERT INTO `intake_timing_reference` (`intake_timing_id`, `intake_timing_name`) VALUES
(1, '早餐'),
(2, '午餐'),
(3, '晚餐'),
(4, '點心');

-- --------------------------------------------------------

--
-- 資料表結構 `member`
--

CREATE TABLE `member` (
  `member_id` int(11) NOT NULL,
  `member_username` varchar(30) DEFAULT NULL,
  `member_password` varchar(255) DEFAULT NULL,
  `member_name` varchar(255) DEFAULT NULL,
  `member_gender` varchar(1) DEFAULT NULL,
  `member_birthday` date DEFAULT NULL,
  `member_email` varchar(255) DEFAULT NULL,
  `member_mobile` varchar(15) DEFAULT NULL,
  `member_city_id` int(11) DEFAULT NULL,
  `member_district_id` int(11) DEFAULT NULL,
  `member_address` varchar(255) DEFAULT NULL,
  `member_nickname` varchar(30) DEFAULT NULL,
  `member_pic` text DEFAULT NULL,
  `member_bio` text DEFAULT NULL,
  `member_height` int(11) DEFAULT NULL,
  `member_weight` int(11) DEFAULT NULL,
  `member_frequency` int(11) DEFAULT NULL,
  `member_intensity` int(11) DEFAULT NULL,
  `google_uid` varchar(200) DEFAULT NULL,
  `google_name` varchar(200) DEFAULT NULL,
  `google_email` varchar(200) DEFAULT NULL,
  `google_pic` varchar(200) DEFAULT NULL,
  `member_join_date` datetime(6) DEFAULT NULL
) ENGINE=InnoDB DEFAULT CHARSET=utf8mb4 COLLATE=utf8mb4_general_ci;

--
-- 傾印資料表的資料 `member`
--

INSERT INTO `member` (`member_id`, `member_username`, `member_password`, `member_name`, `member_gender`, `member_birthday`, `member_email`, `member_mobile`, `member_city_id`, `member_district_id`, `member_address`, `member_nickname`, `member_pic`, `member_bio`, `member_height`, `member_weight`, `member_frequency`, `member_intensity`, `google_uid`, `google_name`, `google_email`, `google_pic`, `member_join_date`) VALUES
(1, 'Testtest456', '$2a$08$LYLPZISJ/.HGL2GPgU2Qruf.ngamAd.dHjkkRgA4dZEDlsnj71qv.', '張翰翰', 'M', '1994-05-29', 'tedfdsdf@gmail.com', '0973773585', NULL, NULL, '高雄市鳳山區中山東路13號', '', '501.jpg', '關注社會公義議題。我相信通過協作和愛心，我們可以創造一個更公平、更包容的社會。', 0, 0, 0, 0, NULL, NULL, NULL, NULL, '2020-01-09 11:40:32.000000'),
(2, 'Cocochanel631', '$2a$08$rUbsLieBN5MohQIX39MuBedYJ7QLf2nvoVRtrXEWEZlAT5xgt/nzi', '偉強 ', 'M', '1994-05-29', 'tedfdsdf@gmail.com', '', NULL, NULL, '', 'Weiqiang', '502.jpg', '我是一位金融專業的分析師，擁有豐富的投資和風險管理經驗。我喜歡挑戰複雜的數據，並透過分析找到最佳解決方案。在休閒時，我喜歡閱讀經濟學相關的書籍。', 0, 0, 0, 0, NULL, NULL, NULL, NULL, '2020-01-09 11:40:32.000000'),
(3, 'Trexex123', '$2a$08$CbgDNz//dqIZtOm5x.UcouJRDBtpcBkyGBygi/lBFxTfYQXICyDhq', '李啟明 ', 'M', '2229-04-22', 'weiyann0624@gmail.com', '0973773583', NULL, NULL, '', '明明 ', '503.jpg', '熱衷於戶外活動的冒險家。喜歡攀岩、徒步和露營，尋找大自然中的挑戰與美。同時，我也是一位熱心的攝影愛好者，捕捉生活中的美好瞬間。', 0, 0, 0, 0, NULL, NULL, NULL, NULL, '2020-01-09 11:40:32.000000'),
(4, 'Testtest123', '$2a$08$9f0s1wLt10xo7hd6ucQaFebMjHzHagSqTiYqnJQM6WM1Hr0p.0riC', '建宏 ', 'M', '4115-12-09', 'Teacher@gmail.com', '', NULL, NULL, '高雄市鳳山區中山東路123號', 'Jianhong', '504.jpg', '我是一位對藝術充滿熱情的設計師，主攻平面設計與插畫。透過視覺表現，我致力於傳達故事和情感。喜歡在創作中發現新靈感，讓每一個作品都有獨特的故事。', 0, 0, 0, 0, NULL, NULL, NULL, NULL, '2020-01-09 11:40:32.000000'),
(5, 'Wowow123', '$2a$08$foH5dRo4ZUF4.EUfCizkIOnIDf8voNVCunuU1j1hG/BcUerNdyHgm', '宇軒 ', 'M', '0000-00-00', 'spiddey12345@gmail.com', '', NULL, NULL, '', 'Yuxuan', '505.jpg', '我是一位熱愛科技的工程師，擁有豐富的軟體開發經驗。喜歡挑戰新技術，並樂於團隊合作。在空閒時，我喜歡閱讀科幻小說和參加程式設計比賽。', 0, 0, 0, 0, NULL, NULL, NULL, NULL, '2020-01-09 11:40:32.000000'),
(6, 'Success123', '$2a$08$F1OZ0RMA4pDrKhy8d0gmT.NLDcaZcwEnmQ6v8W1/O4KEGnkz4WCjS', 'Definitely Girl', 'F', '1993-04-20', 'Teacher@gmail.com', '', NULL, NULL, '台北市中正區忠孝東路一段 1 號 5 樓', '張婉婷', '601.jpg', '你好，我是張婉婷，熱愛藝術與音樂，喜歡探索世界的美好。更愛運動。', 0, 0, 0, 0, NULL, NULL, NULL, NULL, '2020-01-09 11:40:32.000000'),
(7, 'Yayay123', '$2a$08$pNw6A3PpaaKpdo5ZTIUyguq8f5kdPdrzjMhuiGF414NSdkftn.QJC', '陳雅雯', 'F', '1993-05-29', 'j.kfengyue@gmail.com', '', NULL, NULL, '新北市板橋區文化路二段50巷20號', 'Yawen', '602.jpg', '在城市裡追求夢想，獨愛閱讀與旅行，喜歡與人分享生活的點滴', 0, 0, 0, 0, NULL, NULL, NULL, NULL, '2020-01-09 11:40:32.000000'),
(8, 'Yesman123', '$2a$08$AmaYIhz1Q7WnLMYgbg68Lu6xW6FvXbgr70Lhm10y12GAnmEKoG3nW', '林佳玲', 'F', '1994-05-29', 'fdsdf@gmail.com', '', NULL, NULL, '台中市西屯區市政北二路168號', '玲玲', '603.jpg', '台北市中正區忠孝東路一段100號', 0, 0, 0, 0, NULL, NULL, NULL, NULL, '2020-01-09 11:40:32.000000'),
(9, 'Testest123', '$2a$08$/USazUwD212krB9TiEYWDedNT/drqBRHP1rXGXKc27h6f1YBgeOem', '許瑞婷', 'F', '1999-05-29', 'teddy@gmail.com', '', NULL, NULL, '新北市板橋區文化路二段5號', '瑞婷', '604.jpg', NULL, 0, 0, 0, 0, NULL, NULL, NULL, NULL, '2020-01-09 11:40:32.000000'),
(10, 'Testmerge123', '$2a$08$sUuFV8/O4XnvS4lc4Mq52u.p3.82UTakvpX3OOIRo2QW3sJen37l2', '陳美玲', 'F', '1994-05-29', 'fdsfkjafjk@gmail.com', '', NULL, NULL, '', '', '606.jpg', NULL, 0, 0, 0, 0, NULL, NULL, NULL, NULL, '2020-01-09 11:40:32.000000'),
(51, 'raychi0105', '$2a$08$1N/ZHWi0g.FUQaHNk.p9ueY/cACkv3hJGzO1T.ZswTxuGHH9eKHeu', '池睿中', 'M', '1990-01-05', 'raychi0105@gmail.com', '0983105501', 1, 30, '松壽路12號5樓', '阿中', 'image_1704854915598.jpg', NULL, 175, 75, 3, 3, NULL, NULL, NULL, NULL, '2020-01-09 11:40:32.000000'),
(52, 'tinaguo0210', '$2a$08$dk9ECdVhlPIO.KxqpbDLqOnsWvB6LvfLNKLYRlOby6S8SaTtInsk.', '郭映婷', 'F', '1995-02-10', 'tinaguo0210@gmail.com', '0988210120', 2, 39, '新台五路一段141號', 'Tina', 'image_1704855285732.jpg', NULL, 162, 52, 4, 3, NULL, NULL, NULL, NULL, '2020-01-09 11:40:32.000000'),
(53, 'pinpin999', '$2a$08$YFgHZE5dJ2UzueQaTLecS.lUTX8nM4HYo5aw0b4QNKO8/WlOfLxPO', '許品岳', 'M', '2000-03-15', 'pinpin999@gmail.com', '0958998789', 3, 65, '中華路1段60巷38弄39號', '', 'image_1704855496059.jpg', NULL, 168, 55, 2, 2, NULL, NULL, NULL, NULL, '2020-01-09 11:40:32.000000'),
(54, 'jingjing0420', '$2a$08$0.kM7Z/e8O0yMtQnJ7YmCeaCjaYxN5ZFfAkyclOSCqpt3CwEgvPIG', '曹靜慧', 'F', '1985-04-20', 'jingjing0420@gmail.com', '', 4, 83, '景賢路288號', 'Jingjing', 'image_1704855729078.jpg', NULL, 157, 48, 4, 3, NULL, NULL, NULL, NULL, '2020-01-09 11:40:32.000000'),
(55, 'stephenfan525525', '$2a$08$BjKfVfm6PcaKws0rdma/..8rTPtSQ5NGeL9XGl7UCZoHB5VXtzDZm', '樊聖諺', 'M', '1991-05-25', 'stephenfan525525@gmail.com', '0988225125', 5, 116, '草山里草山112之3號', 'Stephen', 'image_1704855951356.jpg', NULL, 180, 82, 5, 4, NULL, NULL, NULL, NULL, '2020-01-09 11:40:32.000000'),
(56, 'cocochanel630', '$2a$08$CLNVbtWMDF8KGn3kBa/e/.Z0M3FR0apDKrbWjhSq4nLqwAVVy2XWC', '吳可', 'N', '2001-06-30', 'cocochanel630@gmail.com', '0928631136', 7, 182, '愛一路8號2樓', 'Coco', '605.jpg', '一位生活教練。我的使命是幫助女性發現內在力量，實現自己的目標與夢想。擁有豐富的教練經驗，我注重啟發、引導與建立自信。透過心靈成長和目標設定，我致力於每位女性的全面發展。', 168, 55, 3, 4, NULL, NULL, NULL, NULL, '2020-01-09 11:40:32.000000'),
(57, 'weiweilin0705', '$2a$08$eZlbMolLbTSVmaqfO0DvpOuymS21YlqS.XEvVBtv8.ADdzsXS6Whe', '林威丞', 'M', '1986-07-05', 'weiweilin705@gmail.com', '0988750641', 1, 31, '前港里華齡街188號', '高雄阿丞', 'image_1704856437059.jpg', NULL, 175, 80, 5, 5, NULL, NULL, NULL, NULL, '2020-01-09 11:40:32.000000'),
(58, 'fantinetian815', '$2a$08$Zhqd2/KNZl61D.wD.NWwpeAMMwdXsN9GJRz6VelnM9D5zmwrA5.6u', '田芳庭', 'F', '2003-08-15', 'fantinetian815@gmail.com', '0988256815', 12, 241, '沿海路一段713號', 'Fantine', 'image_1704856636505.jpg', NULL, 158, 50, 3, 3, NULL, NULL, NULL, NULL, '2020-01-09 11:40:32.000000'),
(59, 'hongchang917', '$2a$08$0QSqSh3DzWY5naGbuHgPAuexzmRv9UP/iq2WKmZEyWKi86Y3sghlq', '張學宏', 'M', '1988-09-20', 'hongchang917@gmail.com', '0958971178', 4, 81, '忠誠街91號', '宏宏', 'image_1704856781410.jpg', NULL, 185, 80, 2, 2, NULL, NULL, NULL, NULL, '2020-01-09 11:40:32.000000'),
(60, 'rogerthat555', '$2a$08$T8fME8E7LiWNR1dQjhjZFephdlRpcC6Mf5uaVistUJGyfodyPkis.', '羅勝祥', 'M', '1992-11-18', 'rogerthat555@gmail.com', '0988521487', 3, 65, '大同路56號', 'Roger Lo', 'image_1704856950662.jpg', NULL, 175, 85, 3, 3, NULL, NULL, NULL, NULL, '2020-01-09 11:40:32.000000'),
(63, 'tedchen529', '$2a$08$tqBBSxUFgX6HgO6ByVcA7uSS5RYYuT1g9Y8PeYkUPHAUONZHLwhru', 'Darth Vader', 'M', '1994-05-29', 'teddychen0529111111@gmail.com', '', NULL, NULL, '', 'Teddy', 'image_1705281723622.jpg', NULL, 0, 0, 0, 0, NULL, NULL, NULL, NULL, '2020-01-09 11:40:32.000000'),
(64, 'vader616', '$2a$08$jfGkOtuWI3tIhQCWBv2Cb.qDGcyeeE.UR89gok54tpmMSZB/6swJi', 'Vader616', 'M', '1994-05-29', 'vader616@gmail.com', '', 1, 25, '123', '', 'image_1705292134698.jpg', NULL, 0, 0, 0, 0, NULL, NULL, NULL, NULL, '2020-01-09 11:40:32.000000'),
(66, 'Testtest555', '$2a$08$DhgmyUBI2TT6Yeotb7G3ZOLOBLa6RpOKUu.a3o5GQ8Z3qJNZVKU7K', 'testtest555', 'M', '2050-09-30', 'ted529@gmail.com', '', NULL, NULL, '', 'testtest555', 'image_1705393089729.jpg', NULL, 0, 0, 0, 0, NULL, NULL, NULL, NULL, '2020-01-09 11:40:32.000000'),
(67, 'John12345', '$2a$08$pg3QdFuG/sEQ7li46tzTkuJ2bQJNsfaMM0pcjJ3RXVPUa7p2DXCXC', 'Darth Vader', 'M', '1994-05-29', 'fsdfasf@gmail.com', '', NULL, NULL, '', '', NULL, NULL, 0, 0, 0, 0, NULL, NULL, NULL, NULL, '2020-01-09 11:40:32.000000'),
(71, 'testmodal123', '$2a$08$tKbTrrdPUXi3T4LXYu0OYeS.WFETQ.c8wGQQc2JbQFmPxeHHf5KUu', 'testmodal123', 'M', '1994-05-29', 'fdsdf@gmail.com', '', NULL, NULL, '', '', NULL, NULL, 0, 0, 0, 0, NULL, NULL, NULL, NULL, '2020-01-09 11:40:32.000000'),
(73, 'Testtest789', '$2a$08$u5YLV4FqBRgkVffYAAGrf.nOBDNUXZvZmU/QhILl8LrCym1/X5nX2', 'Definitely Girl', 'F', '1994-05-29', 'fdsdf@gmail.com', '', NULL, NULL, '', '', NULL, NULL, 0, 0, 0, 0, NULL, NULL, NULL, NULL, '2020-01-09 11:40:32.000000'),
(74, 'Testtest159', '$2a$08$LNE0g5fNGrJQ95cAwrtJ/O3bV0G4KnWpBVgZRwtyU.bSmHn8J012.', 'fddfsf132', 'F', '1994-05-29', 'tedfdsdf@gmail.com', '', NULL, NULL, '', '', NULL, NULL, 0, 0, 0, 0, NULL, NULL, NULL, NULL, '2020-01-09 11:40:32.000000'),
(75, 'Testtest555', '$2a$08$h7i0O8GxlzwXP.5SHN43helVRU3a6GRiJVO0uL3qm0H1qByXOq7Pa', 'test123456', 'F', '1993-05-29', 'fdsdf@gmail.com', '', NULL, NULL, '', '', NULL, NULL, 0, 0, 0, 0, NULL, NULL, NULL, NULL, '2020-01-09 11:40:32.000000');

-- --------------------------------------------------------

--
-- 資料表結構 `order_detail`
--

CREATE TABLE `order_detail` (
  `sid` int(11) NOT NULL,
  `purchase_order_sid` int(11) NOT NULL,
  `product_id` varchar(255) NOT NULL,
  `product_price` int(11) NOT NULL,
  `qty` int(11) NOT NULL,
  `amount` int(11) NOT NULL,
  `is_comment` tinyint(4) NOT NULL
) ENGINE=InnoDB DEFAULT CHARSET=utf8mb4 COLLATE=utf8mb4_general_ci;

--
-- 傾印資料表的資料 `order_detail`
--

INSERT INTO `order_detail` (`sid`, `purchase_order_sid`, `product_id`, `product_price`, `qty`, `amount`, `is_comment`) VALUES
(51, 19, 'FYT-20231209-004', 699, 1, 699, 0),
(52, 19, 'FYT-20231208-0001', 1580, 1, 1580, 0),
(53, 19, 'FYT-20231209-003', 1880, 1, 1880, 0),
(54, 19, 'FYT-20231209-006', 699, 1, 699, 0),
(55, 20, 'FYT-20231209-001', 1580, 1, 1580, 0),
(56, 20, 'FYT-20231209-005', 699, 4, 2796, 0),
(57, 20, 'FYT-20231209-004', 699, 1, 699, 0),
(58, 20, 'FYT-20231208-0001', 1580, 1, 1580, 0),
(59, 20, 'FYT-20231209-003', 1880, 1, 1880, 0),
(60, 20, 'FYT-20231209-006', 699, 1, 699, 0),
(61, 21, 'FYT-20231209-001', 1580, 1, 1580, 0),
(62, 21, 'FYT-20231209-005', 699, 4, 2796, 0),
(63, 21, 'FYT-20231209-004', 699, 1, 699, 0),
(64, 21, 'FYT-20231208-0001', 1580, 1, 1580, 0),
(65, 21, 'FYT-20231209-003', 1880, 1, 1880, 0),
(66, 21, 'FYT-20231209-006', 699, 1, 699, 0),
(67, 22, 'FYT-20231209-001', 1580, 1, 1580, 0),
(68, 22, 'FYT-20231209-005', 699, 4, 2796, 0),
(69, 22, 'FYT-20231209-004', 699, 1, 699, 0),
(70, 22, 'FYT-20231208-0001', 1580, 1, 1580, 0),
(71, 22, 'FYT-20231209-003', 1880, 1, 1880, 0),
(72, 22, 'FYT-20231209-006', 699, 1, 699, 0),
(73, 24, 'FYT-20231209-010', 6200, 1, 6200, 0),
(74, 24, 'FYT-20231209-011', 1380, 1, 1380, 0),
(75, 25, 'FYT-20231209-010', 6200, 1, 6200, 0),
(76, 25, 'FYT-20231209-011', 1380, 1, 1380, 0),
(77, 26, 'FYT-20231209-010', 6200, 1, 6200, 0),
(78, 26, 'FYT-20231209-011', 1380, 1, 1380, 0),
(79, 27, 'FYT-20231209-010', 6200, 1, 6200, 0),
(80, 27, 'FYT-20231209-011', 1380, 1, 1380, 0),
(81, 28, 'FYT-20231209-001', 1580, 1, 1580, 0),
(82, 28, 'FYT-20231209-003', 790, 1, 790, 0),
(83, 29, 'FYT-20231209-009', 899, 1, 899, 0),
(84, 29, 'FYT-20231229-002', 580, 1, 580, 0),
(85, 29, 'FYT-20231229-007', 2550, 1, 2550, 0),
(86, 30, 'FYT-20231209-009', 899, 2, 1798, 0),
(87, 30, 'FYT-20231229-002', 580, 1, 580, 0),
(88, 31, 'FYT-20231209-009', 899, 2, 1798, 0),
(89, 31, 'FYT-20231229-002', 580, 1, 580, 0),
(90, 32, 'FYT-20231229-002', 580, 6, 3480, 0),
(91, 33, 'FYT-20231229-002', 580, 1, 580, 0),
(92, 33, 'FYT-20231229-017', 2550, 1, 2550, 0),
(93, 34, 'FYT-20231229-002', 580, 1, 580, 0),
(94, 35, 'FYT-20231229-002', 580, 1, 580, 0),
(95, 36, 'FYT-20231229-002', 580, 1, 580, 0),
(96, 37, 'FYT-20231229-002', 580, 1, 580, 0),
(97, 37, 'FYT-20231209-001', 1580, 1, 1580, 0),
(98, 38, 'FYT-20231209-001', 1580, 1, 1580, 0),
(99, 39, 'FYT-20231209-007', 499, 1, 499, 0),
(100, 40, 'FYT-20231209-007', 499, 1, 499, 0),
(101, 41, 'FYT-20231209-007', 499, 1, 499, 0),
(102, 42, 'FYT-20231209-007', 499, 1, 499, 0),
(103, 42, 'FYT-20231209-008', 1100, 1, 1100, 0),
(104, 43, 'FYT-20231209-008', 1100, 1, 1100, 0),
(105, 44, 'FYT-20231209-008', 1100, 1, 1100, 0),
(106, 45, 'FYT-20231209-008', 1100, 1, 1100, 0),
(107, 46, 'FYT-20231209-008', 1100, 2, 2200, 0),
(108, 47, 'FYT-20231209-008', 1100, 2, 2200, 0),
(109, 48, 'FYT-20231209-008', 1100, 1, 1100, 0),
(110, 49, 'FYT-20231209-008', 1100, 1, 1100, 0),
(111, 50, 'FYT-20231209-008', 1100, 1, 1100, 0),
(112, 51, 'FYT-20231209-008', 1100, 1, 1100, 0),
(113, 52, 'FYT-20231229-002', 580, 1, 580, 0),
(114, 53, 'FYT-20231209-008', 1100, 1, 1100, 0),
(117, 55, 'FYT-20231210-033', 950, 1, 950, 0),
(118, 55, 'FYT-20231209-007', 499, 1, 499, 0),
(125, 59, 'FYT-20231210-033', 950, 1, 950, 0),
(126, 59, 'FYT-20231209-007', 499, 1, 499, 0),
(127, 60, 'FYT-20231210-033', 950, 1, 950, 0),
(128, 60, 'FYT-20231209-007', 499, 1, 499, 0),
(129, 61, 'FYT-20231209-001', 1580, 1, 1580, 0),
(130, 62, 'FYT-20231209-001', 1580, 1, 1580, 0),
(131, 63, 'FYT-20231209-001', 1580, 1, 1580, 0),
(132, 64, 'FYT-20231209-004', 699, 1, 699, 0),
(133, 65, 'FYT-20231210-059', 590, 1, 590, 0),
(134, 65, 'FYT-20231210-017', 380, 1, 380, 0),
(136, 67, 'FYT-20231208-0001', 1580, 1, 1580, 0),
(146, 77, 'FYT-20231209-026', 1280, 1, 1280, 0),
(221, 126, 'FYT-20231209-008', 1100, 1, 1100, 0),
(241, 137, 'FYT-20231209-010', 6200, 1, 6200, 0),
(247, 144, 'FYT-20231209-028', 580, 1, 580, 1),
(248, 144, 'FYT-20231210-001', 380, 1, 380, 0),
(249, 145, 'FYT-20231209-025', 1380, 1, 1380, 1),
(250, 145, 'FYT-20231210-023', 1190, 1, 1190, 1),
(251, 145, 'FYT-20231210-032', 850, 1, 850, 1),
(252, 145, 'FYT-20231229-005', 580, 1, 580, 1),
(253, 146, 'FYT-20231209-025', 1380, 1, 1380, 0),
(254, 146, 'FYT-20231210-023', 1190, 1, 1190, 0),
(255, 146, 'FYT-20231210-059', 590, 2, 1180, 0),
(256, 146, 'FYT-20231229-005', 580, 1, 580, 0),
(257, 147, 'FYT-20231209-025', 1380, 1, 1380, 1),
(258, 147, 'FYT-20231210-023', 1190, 1, 1190, 1),
(259, 147, 'FYT-20231210-059', 590, 2, 1180, 1),
(260, 147, 'FYT-20231229-005', 580, 1, 580, 1),
(261, 148, 'FYT-20231209-025', 1380, 1, 1380, 1),
(262, 148, 'FYT-20231210-023', 1190, 1, 1190, 1),
(263, 148, 'FYT-20231210-032', 850, 1, 850, 1),
(264, 148, 'FYT-20231229-005', 580, 1, 580, 1),
(265, 149, 'FYT-20231209-025', 1380, 1, 1380, 1),
(266, 149, 'FYT-20231210-023', 1190, 1, 1190, 1),
(267, 149, 'FYT-20231210-059', 590, 1, 590, 1),
(268, 149, 'FYT-20231229-005', 580, 1, 580, 1),
(269, 150, 'FYT-20231209-025', 1380, 1, 1380, 1),
(270, 150, 'FYT-20231210-023', 1190, 1, 1190, 1),
(271, 150, 'FYT-20231210-032', 850, 1, 850, 1),
(272, 150, 'FYT-20231229-005', 580, 1, 580, 1),
(273, 151, 'FYT-20231209-025', 1380, 1, 1380, 1),
(274, 151, 'FYT-20231210-023', 1190, 1, 1190, 1),
(275, 151, 'FYT-20231210-059', 590, 1, 590, 1),
(276, 151, 'FYT-20231229-005', 580, 1, 580, 1),
(277, 152, 'FYT-20231209-025', 1380, 1, 1380, 1),
(278, 152, 'FYT-20231210-023', 1190, 2, 2380, 1),
(279, 152, 'FYT-20231229-005', 580, 1, 580, 1),
(280, 152, 'FYT-20231210-032', 850, 1, 850, 1),
(281, 153, 'FYT-20231209-025', 1380, 1, 1380, 1),
(282, 153, 'FYT-20231210-023', 1190, 1, 1190, 1),
(283, 153, 'FYT-20231210-032', 850, 1, 850, 1),
(284, 153, 'FYT-20231229-005', 580, 1, 580, 1),
(285, 154, 'FYT-20231209-008', 1100, 1, 1100, 0),
(286, 155, 'FYT-20231210-041', 790, 1, 790, 0),
(287, 155, 'FYT-20231210-050', 980, 1, 980, 0),
(293, 158, 'FYT-20231209-025', 1380, 2, 2760, 0),
(294, 158, 'FYT-20231210-059', 590, 1, 590, 0),
(295, 159, 'FYT-20231209-019', 1280, 1, 1280, 0);

-- --------------------------------------------------------

--
-- 資料表結構 `product`
--

CREATE TABLE `product` (
  `sid` int(11) NOT NULL,
  `product_id` varchar(255) NOT NULL,
  `name` varchar(255) NOT NULL,
  `main_category` int(11) NOT NULL,
  `sub_category` int(11) NOT NULL,
  `product_price` int(11) NOT NULL,
  `stock` int(11) NOT NULL,
  `descriptions` varchar(255) NOT NULL,
  `imgs` varchar(255) NOT NULL,
  `purchase_qty` int(11) NOT NULL,
  `create_at` datetime DEFAULT NULL,
  `size` varchar(255) DEFAULT NULL,
  `brand_id` int(11) DEFAULT NULL,
  `score` decimal(10,1) NOT NULL
) ENGINE=InnoDB DEFAULT CHARSET=utf8mb4 COLLATE=utf8mb4_general_ci;

--
-- 傾印資料表的資料 `product`
--

INSERT INTO `product` (`sid`, `product_id`, `name`, `main_category`, `sub_category`, `product_price`, `stock`, `descriptions`, `imgs`, `purchase_qty`, `create_at`, `size`, `brand_id`, `score`) VALUES
(1, 'FYT-20231208-0001', '瑜珈墊 yoga mat - 灰', 1, 7, 1580, 44, '提供您瑜珈練習所需的完美支持和舒適。我們的瑜珈墊採用高品質的材料，提供出色的防滑性和緩衝效果，確保您在每個動作中都感到穩定和安心。瑜珈墊的良好選擇，幫助您實現更深入的冥想和伸展。', 'f2232c26-9050-4201-9dea-9d167131f271.webp', 57, '2023-12-08 23:36:59', NULL, NULL, 4.5),
(2, 'FYT-20231209-001', '瑜珈墊 yoga mat - 咖', 1, 7, 1580, 31, '我們的瑜珈墊採用高品質的材料，提供您瑜珈練習所需的完美支持和舒適。提供出色的防滑性和緩衝效果，確保您在每個動作中都感到穩定和安心。瑜珈墊的良好選擇，幫助您實現更深入的冥想和伸展。', 'bae45b08-7ded-4886-8007-cc4206fe20b8.webp', 47, '2023-12-09 19:49:33', NULL, NULL, 4.5),
(4, 'FYT-20231209-003', '瑜珈墊 yoga mat - 紫', 1, 7, 1880, 3, '我們的瑜珈墊採用高品質的材料，提供您瑜珈練習所需的完美支持和舒適。提供出色的防滑性和緩衝效果，確保您在每個動作中都感到穩定和安心。瑜珈墊的良好選擇，幫助您實現更深入的冥想和伸展。', '53cb09f5-8e23-414a-b138-ca64ce600389.webp,21559be4-d5b9-4daf-9943-c54279f40423.webp', 3, '2023-12-09 20:01:24', NULL, NULL, 4.5),
(5, 'FYT-20231209-003', '激痛點按壓器 triggerdinger', 1, 7, 790, 23, '產品的按壓頭直徑約4.5cm，較寬的直徑適合用於耐痛程度較低，或是過於緊繃的肌群，循序漸進的進行按壓放鬆。選用TPE(熱塑彈性體)製造，不含PVC以及乳膠，親膚抗敏的最佳選擇。特殊設計的底面，可以自行依靠牆面或地面來進行按摩紓壓。', '17b1e8eb-4e97-4c63-8cee-96915d517062.webp', 54, '2023-12-09 20:10:11', NULL, NULL, 4.5),
(6, 'FYT-20231209-004', '瑜珈健身球 swiss ball - 灰', 1, 7, 500, 33, '瑜珈健身球採用環保無塑化劑材質，以防爆小氣泡構成特殊霧面材質，足以承受14公斤的重力和尖銳物體，保障運動安全。瑜珈健身球對訓練核心、背、腿和髖部成效卓越，並有3種尺寸可供選擇。', 'f762e080-0ad7-49d5-9dae-47040c24d1d0.webp', 36, '2023-12-09 20:29:42', NULL, NULL, 4.5),
(7, 'FYT-20231209-005', '瑜珈健身球 swiss ball - 紫', 1, 7, 500, 12, '瑜珈健身球採用環保無塑化劑材質，以防爆小氣泡構成特殊霧面材質，足以承受14公斤的重力和尖銳物體，保障運動安全。瑜珈健身球對訓練核心、背、腿和髖部成效卓越，並有3種尺寸可供選擇。', 'f1774e2d-d4d6-494e-9508-e23c1d698ed1.webp', 26, '2023-12-09 20:30:10', NULL, NULL, 4.5),
(9, 'FYT-20231209-006', '3段式腳踝訓練彈力繩 rubber tubing', 1, 7, 600, 33, '內含3種強度，多層次訓練搭配，卡扣式設計拆裝容易，輕鬆調整阻力強度，環保無毒材質和厚墊綁帶。天然乳膠材質，回彈力強、恢復性佳，下肢訓練特化器，讓你安心運動無負擔。', '9cafd34f-1cb0-4f33-9c3f-6f4d253b1d70.webp,36e762a5-ec99-445d-bef1-5b1ba72f6256.webp', 69, '2023-12-09 20:38:24', NULL, NULL, 4.5),
(10, 'FYT-20231209-007', '肩膀復健器 rehabilitation device', 1, 7, 500, 45, '完美肌群訓練輔器，特製滑軌式3D懸吊系統，左右滑動力保全面性的鍛鍊效果。 泡棉門扣不傷門框，簡單組裝不費力，上半身重訓、復健必備居家運動輔助器材，體積輕巧好收納。\n\n', 'fc5a4027-02fc-427c-9fec-4c4e77de2d8d.webp,e7d101ad-325f-4802-a6f1-0c84ca1fd577.webp,d38ea187-d8c4-4f9b-b251-6051ef62289f.webp', 32, '2023-12-09 20:39:41', NULL, NULL, 5.0),
(11, 'FYT-20231209-008', '健力彈力繩 - 灰 resistance bands', 1, 7, 1100, 16, '天然乳膠製成，高回彈性、高耐用度和高延展力，不易變形且容易使用。居家健身、拉筋和鍛鍊最佳配件，易攜帶、清洗和收納。', '66cec573-f5c1-4934-9491-a9bf7ebc5b11.webp', 51, '2023-12-09 20:41:30', NULL, NULL, 4.5),
(12, 'FYT-20231209-009', '阻力可調式多功能拉力繩 rubber tubing', 1, 7, 800, 57, '天然乳膠製成，高回彈性、高耐用度和高延展力，不易變形且容易使用。居家健身、拉筋和鍛鍊最佳配件，易攜帶、清洗和收納。', 'fe7734c0-91bb-44e0-b507-e14714eea6fa.webp,2854fd0f-8179-464d-a524-640dff9b2d58.webp,311a978a-535b-44fd-806e-fdb361b85789.webp', 40, '2023-12-09 20:44:15', NULL, NULL, 4.5),
(13, 'FYT-20231209-010', '弧型仰臥板 adjustable bench', 1, 7, 4200, 4, 'UFC 弧形仰臥板它是一種流行的坐式長凳，用於緊緻和塑造腹部、背部、胸部、手臂和臀部肌肉，只需每天幾分鐘的培訓，就可以將健身房放在家中，簡化您的身材。通過多次調整，這個Sit up工作台可以讓你專注於許多肌肉群。', 'cc3f13c9-42ed-4a5d-8145-2b54c9618f8e.webp,e76a9c60-debd-4bfa-a838-405d88ce60d7.webp,d562a0a1-a0ed-4976-a27c-aac6e378f142.webp', 12, '2023-12-09 20:48:00', NULL, NULL, 5.0),
(14, 'FYT-20231209-011', '多功能核心健腹輪 ab wheel', 1, 7, 1380, 38, '擁有健壯的腹肌不僅是提升外表，腹肌是核心力量的泉源、肌耐力的驅動器，同時還能矯正體態和增強運動表現。換句話說，訓練腹肌能同時提升自信和體能。 然而，許多訓練方法無法涵蓋整個腹肌，且許多人都有無論再多的訓練，腹肌始終無法浮現的經驗，究竟問題出在何處? 根據ACE Fitness的運動科學執行長Cedric X博士說：「最棒的腹肌訓練是運用不同動作組合來全方面訓練。」而根據ACE Fitness發表的研究，搭配滾輪的腹肌訓練效果出眾，一次訓練上腹、下腹和側腹。', 'cedd680a-cf1a-424a-92e5-a01e4dcfa7d1.webp', 40, '2023-12-09 20:49:47', NULL, NULL, 4.5),
(15, 'FYT-20231209-012', '四向核心雕塑帶 core sculpture belt', 1, 7, 680, 28, '獨特的四向拉力帶設計，能夠同時運動到四肢及身體核心的肌肉組織，藉由拉力帶雕塑健康體態和線條。', '279cea90-b83e-428e-9dd1-eb4443067f21.webp,66febc2b-edf9-45b0-82c7-53d496d8a873.webp,00776d98-31a4-4f01-97d3-121f27a06ae2.webp', 46, '2023-12-09 20:51:37', NULL, NULL, 4.5),
(16, 'FYT-20231209-013', '全身阻力訓練彈力帶 (灰/黑) PRO BAND HEAVY ', 1, 7, 2480, 54, '這款彈力帶是多功能的訓練工具，可用於強化肌肉和提高柔軟度。不同強度選項可供選擇，適合各種運動愛好者。', 'b18a8689-2726-4852-9f86-63fa208a4235.jpg,c2a30303-cf82-483a-8aac-607acf0818f7.jpg,6093ef04-964f-4beb-ac25-943fa032c7e8.jpg', 46, '2023-12-09 20:54:32', NULL, NULL, 4.5),
(17, 'FYT-20231209-014', '健身滑板(綠) Slide Fit', 1, 7, 2780, 13, '多種姿勢變化 深蹲、捲腹、健腹輪一氣呵成、30種↑動作變化 加強全身肌肉線條、雙向回彈設計 輔助達到完美訓練、多種阻力模式 符合各種訓練族群、智能剎車 安全穩定遠離運動傷害。', 'c746bf64-2098-4210-9840-5bfd9d2b6210.webp', 33, '2023-12-09 20:56:10', NULL, NULL, 4.5),
(18, 'FYT-20231209-015', '第二代核心肌力訓練滑盤  COURT SLIDEZ ', 1, 7, 2080, 31, '低摩擦低衝擊，不會傷害地面留下任何痕跡、所有地面均可使用，包括木地板、磁磚和任何光滑的表面、重量輕，使用簡單，方便外出旅行攜帶。', '00f9e09b-59be-4f07-9eb2-bcaa2b2024d7.webp,7de4e383-8549-4b50-8d87-d8180f7a3950.webp', 29, '2023-12-09 20:58:23', NULL, NULL, 4.5),
(19, 'FYT-20231209-016', '瑜珈磚套組 Point Release Kit ', 1, 7, 2290, 5, '瑜珈磚上特殊設計凹槽，固定花生球及按摩球位置。透過瑜珈磚提高花生球及按摩球高度。易於清潔、攜帶，是旅行時的最佳良伴。', 'c32499a9-7451-4dc6-a752-b064497867b9.webp', 24, '2023-12-09 20:59:51', NULL, NULL, 4.5),
(20, 'FYT-20231209-017', '飛輪車 SB900 (磁控阻力/無段式系統)', 1, 5, 26290, 3, '這款飛輪腳踏車提供實戰感的騎行體驗，幫助您增強心肺功能和塑造腿部肌肉。', 'f3d27096-6742-40fc-8874-2479f1231abf.webp', 16, '2023-12-09 21:02:44', NULL, NULL, 4.5),
(21, 'FYT-20231209-018', '直立健身車 Exercise Bike', 1, 5, 26290, 2, '這台健身單車適合室內運動，讓您進行有氧運動，提高心肺健康。它配備了多個運動模式，可調節的座椅和心率監測功能。', '9c73b6e4-9e54-48b2-84b4-9f2e30782740.webp,40284000-9fe5-408b-ab4e-b987f2517dc7.webp,f3273cbd-3b5f-40e8-a6cc-0e124fd468b6.webp', 10, '2023-12-09 21:05:06', NULL, NULL, 4.5),
(22, 'FYT-20231209-019', '提花止滑翹臀圈 hip circle', 1, 7, 1280, 52, '想要練習翹臀和強化臀部肌肉嗎？這個翹臀圈是您的理想選擇，可以增加臀部訓練的效果。', '89b0d50b-6ea8-412a-a1eb-f72ee497c4fd.webp,cc3265d1-17cd-421f-bc6d-9162a8f17b9e.webp,00ee0aa3-ac9d-4241-8498-b81b1cff616d.webp,a388aa6f-edc1-4b89-bbda-005efa147c77.webp', 69, '2023-12-09 21:08:13', NULL, NULL, 4.5),
(23, 'FYT-20231209-020', '翹臀圈兩入組 hip circle', 1, 7, 790, 34, '想要練習翹臀和強化臀部肌肉嗎？這個翹臀圈是您的理想選擇，可以增加臀部訓練的效果。', '806a77a2-1a56-4d23-b5ca-37ebc597f556.webp,60576c19-c04a-4b9e-a002-7b2d57a1dc53.webp', 45, '2023-12-09 21:09:46', NULL, NULL, 4.5),
(24, 'FYT-20231209-021', '翹臀圈組合 hip circle conbination', 1, 7, 850, 23, '想要練習翹臀和強化臀部肌肉嗎？這個翹臀圈是您的理想選擇，可以增加臀部訓練的效果。', '0db6eb6d-0e50-435e-83f7-fc855544e4c8.webp', 24, '2023-12-09 21:10:51', NULL, NULL, 4.5),
(25, 'FYT-20231209-022', '翹臀腳環 ankle straps', 1, 7, 580, 47, '擁有自己的專屬腳環，不再與人共用，擔心弄髒一般手把、厚實舒適軟墊，不勒腳踝怎麼動都自在、高品質魔鬼氈，黏上緊實不脫落', '09b2cb62-58b2-4235-a55f-bc72d6e79346.webp,667ef1b6-3e0d-410d-baba-3f84dfa00f4c.webp,260206cc-3098-4c3c-97f4-fde564cb4ef3.webp', 36, '2023-12-09 21:13:21', NULL, NULL, 4.5),
(26, 'FYT-20231209-023', '雙握把拉力器 - 黑 double grip puller', 1, 7, 480, 47, '提供多功能的全身運動訓練，增加肌肉強度和柔軟度。我們的拉力帶採用高彈性橡膠材質，提供多個不同強度選項，適用於伸展、提升力量和改善體態。無論您是在健身房還是在家中，拉力帶都是實現您的運動目標的理想伴侶。', 'f7e220e2-6dd3-4a6b-9d95-67c63629d8eb.png,30f6768e-3268-4789-850a-ab9e7cd25d93.webp', 32, '2023-12-09 21:15:08', NULL, NULL, 4.5),
(27, 'FYT-20231209-024', '雙握把拉力器 - 黃 double grip puller', 1, 7, 480, 12, '提供多功能的全身運動訓練，增加肌肉強度和柔軟度。我們的拉力帶採用高彈性橡膠材質，提供多個不同強度選項，適用於伸展、提升力量和改善體態。無論您是在健身房還是在家中，拉力帶都是實現您的運動目標的理想伴侶。', '294a2baf-cdc2-4e3e-a788-fbbd783758aa.png,92510432-b144-4fcf-8c88-e0b82cc90a5f.webp', 33, '2023-12-09 21:15:36', NULL, NULL, 4.5),
(28, 'FYT-20231209-025', '多功能拉力器組合 puller combination', 1, 7, 1380, 12, '提供多功能的全身運動訓練，增加肌肉強度和柔軟度。我們的拉力帶採用高彈性橡膠材質，提供多個不同強度選項，適用於伸展、提升力量和改善體態。無論您是在健身房還是在家中，拉力帶都是實現您的運動目標的理想伴侶。', '775ea10d-a86d-4a5b-89c6-96361d76f7ca.webp,b182f3bd-17fd-4e08-a9ef-e23a3142cff0.png,b6e04f5a-f65a-4ae2-9e5d-6246417c01b6.png,50861c4c-2a2a-4d31-a206-a70ac87f9b74.webp', 43, '2023-12-09 21:16:54', NULL, NULL, 4.7),
(29, 'FYT-20231209-026', '彈力繩 - 紅 Elastic rope', 1, 7, 1280, 1, '增加您的運動挑戰，強化肌肉，提高身體的柔軟度和力量。我們的彈力帶由耐用的材料製成，提供多種不同強度選項，適合各種體適能水平。它們非常適合伸展、提升力量和改善體態，是您達到健康目標的理想工具。', '536ce0e3-2eca-4a30-a419-2950b3d45eb9.webp,4b32ecca-bfdb-45a0-baa3-062f325c57dd.webp', 33, '2023-12-09 21:18:49', NULL, NULL, 4.5),
(30, 'FYT-20231209-027', '彈力繩 - 藍 Elastic rope', 1, 7, 1280, 25, '增加您的運動挑戰，強化肌肉，提高身體的柔軟度和力量。我們的彈力帶由耐用的材料製成，提供多種不同強度選項，適合各種體適能水平。它們非常適合伸展、提升力量和改善體態，是您達到健康目標的理想工具。', '6e01509f-f5af-45f9-8d40-4afdeed2305b.webp,faf1e077-1fb7-43ae-8c99-78868990f7ce.webp', 38, '2023-12-09 21:19:40', NULL, NULL, 4.5),
(31, 'FYT-20231209-028', '軟木瑜珈磚 cork yoga brick', 1, 7, 580, 45, '伸展時，針對部位給與支撐，避免壓迫、活用長、寬、高三邊尺寸，漸進提升身體柔軟度。', 'd1464106-0ad9-457b-aeea-d6eb05946c3c.webp,093fec83-6745-4d38-bf8b-ea6a132e4e0f.webp', 28, '2023-12-09 21:22:04', NULL, NULL, 4.0),
(32, 'FYT-20231210-001', '輕量跳繩 - 螢光粉 jump rope', 1, 5, 380, 19, '這款跳繩訓練器是提升心肺健康和協調性的理想選擇。可調節長度，適合不同身高的使用者。', 'f680a07d-a292-4c0b-81c7-b506ee48b964.webp,1f1142ac-2f6d-4b04-b17f-8cff683c8ffa.webp,b154663e-2e65-4b15-bf42-cbc413689332.webp', 37, '2023-12-10 17:26:13', NULL, NULL, 4.5),
(33, 'FYT-20231210-002', '輕量跳繩 - 螢光綠 jump rope', 1, 5, 380, 23, '這款跳繩訓練器是提升心肺健康和協調性的理想選擇。可調節長度，適合不同身高的使用者。', 'f26f26ca-baec-42a5-b035-77a29db31e8f.webp,c8577cd3-2f8c-48f1-8e5b-51dd8eb415d7.webp,c3fab095-0113-4e3d-ab3f-806239b7eb28.webp', 33, '2023-12-10 17:27:03', NULL, NULL, 4.5),
(34, 'FYT-20231210-003', '輕量跳繩 - 黑 jump rope', 1, 5, 380, 25, '這款跳繩訓練器是提升心肺健康和協調性的理想選擇。可調節長度，適合不同身高的使用者。', 'b329c906-6487-4636-ba6f-9b3a749844d8.webp,184b748e-3a27-469e-a304-373546129b51.webp,5902b2dd-fc96-477b-a67f-09b9bb24d0b7.webp', 39, '2023-12-10 17:27:46', NULL, NULL, 4.5),
(35, 'FYT-20231210-004', '智慧電動跑步機 treadmill', 1, 5, 29880, 1, '這款有氧運動步機適合在家中或健身房使用。它具有多種運動模式和傾斜調整，幫助您達到心臟健康和體重管理的目標。', '9463ce16-40fb-4a75-bd95-ca9f45175e9c.webp,bdd20e8b-2a52-4fde-ba6d-2bb046b5a29a.webp', 17, '2023-12-10 17:31:06', NULL, NULL, 4.5),
(36, 'FYT-20231210-005', '智慧電動跑步機-可收合 treadmill', 1, 5, 49880, 1, '這款有氧運動步機適合在家中或健身房使用。它具有多種運動模式和傾斜調整，幫助您達到心臟健康和體重管理的目標。', '1a34786d-15d2-4c11-b4be-2238da8a7f6c.webp', 4, '2023-12-10 17:33:12', NULL, NULL, 4.5),
(37, 'FYT-20231210-006', '專業級商用跑步機 treadmill', 1, 5, 39880, 4, '這款有氧運動步機適合在家中或健身房使用。它具有多種運動模式和傾斜調整，幫助您達到心臟健康和體重管理的目標。', '4793122d-5f38-4734-acf6-02496072acf1.webp,c214f388-64c4-4130-b7ab-98e99db28da4.webp,0b91a5b5-d612-4606-9d2b-9e765dcbb6cf.webp', 1, '2023-12-10 17:40:12', NULL, NULL, 4.5),
(38, 'FYT-20231210-007', '二合一仰臥板 supine board', 1, 5, 12250, 10, 'UFC 二合一仰臥板腹部斜板可以調整到多個位置，最大限度地提高鍛煉強度和力量訓練的好處，坐起來的實心中段可以幫助您減少受傷的風險，增加核心力量可以獲得更好的平衡、敏捷和力量，你可以做很多其他練習！像傾斜和下降俯臥撑，板凳下降和單腿下蹲。\n\n', '27cad4e6-281b-4dfa-a738-d2d4b9260a60.webp,df8d3515-706f-48c6-87bd-d4d3ba36caec.webp', 22, '2023-12-10 17:41:50', NULL, NULL, 4.5),
(39, 'FYT-20231210-008', '橢圓機 elliptical machine', 1, 5, 16880, 2, '這款橢圓機提供低衝擊的全身運動，幫助您增強心肺功能和塑造肌肉，同時保護關節。', 'dcf84221-91b0-4796-bca5-30fe7fcaf597.webp,10550654-dd28-42de-90b0-7648057aabee.webp,4ab35855-a3e3-4b6e-ac97-82933e9c027e.webp', 23, '2023-12-10 17:44:14', NULL, NULL, 4.5),
(40, 'FYT-20231210-009', '多功能室內單槓 horizontal bar', 1, 5, 16880, 30, '超簡單秒速安裝，雙十字平衡系統、雙層加厚掛勾、防滑握柄以及精選必震鋼材，安全超高運動輔具。可同時做為引體向上和地板訓練輔具，整體性鍛鍊，充分伸展，緩解疲勞。\n\n', 'b50aaa2a-6e8e-46e9-9689-76324258cccf.webp', 45, '2023-12-10 17:45:26', NULL, NULL, 4.5),
(41, 'FYT-20231210-010', '12段觸控光能溫感深層震動按摩槍 fascia gun', 1, 6, 3000, 12, '擁有多種強度和頭部附件，可針對不同部位和肌肉需求進行調整。其高效的振動技術能深層滲透肌肉，促進血液循環，緩解僵硬和疼痛。手持設計，使用方便，適合運動前後的肌肉保養，也可用於日常放鬆\n', 'f1ce1ee8-a81d-4efb-94bb-aa64ddae9f39.webp', 23, '2023-12-10 17:56:12', NULL, NULL, 4.5),
(42, 'FYT-20231210-011', '專業級六段調節筋膜槍 -金 fascia gun', 1, 6, 1680, 14, '6段調節動力搭配4款按摩頭專業按摩，適合不同需求不同年紀，長效續航充電方便。', '18485e27-ca03-4d4f-b9da-70373f0f2715.webp,f71c4626-94c7-4cf3-90b5-ab4ef5c16585.webp', 43, '2023-12-10 17:58:47', NULL, NULL, 4.5),
(43, 'FYT-20231210-012', '專業級六段調節筋膜槍 -粉 fascia gun', 1, 6, 1680, 15, '6段調節動力搭配4款按摩頭專業按摩，適合不同需求不同年紀，長效續航充電方便。', 'faa58bd6-b20c-404d-8169-c47445813130.webp', 28, '2023-12-10 17:59:29', NULL, NULL, 4.5),
(44, 'FYT-20231210-013', '專業級六段調節筋膜槍 -黑 fascia gun', 1, 6, 1680, 15, '6段調節動力搭配4款按摩頭專業按摩，適合不同需求不同年紀，長效續航充電方便。', '662ddfca-b8d8-469b-ae4f-17ea14c847dc.webp', 24, '2023-12-10 17:59:56', NULL, NULL, 4.5),
(45, 'FYT-20231210-014', '專業級六段調節筋膜槍 - 黑白兩入組 fascia gun', 1, 6, 1680, 15, '6段調節動力搭配4款按摩頭專業按摩，適合不同需求不同年紀，長效續航充電方便。', '2822833f-f78c-4ab0-b22b-4c59107c9397.webp', 32, '2023-12-10 18:00:22', NULL, NULL, 4.5),
(46, 'FYT-20231210-015', '深層按摩滾筒 按摩滾輪 - 藍 foam roller', 1, 6, 1880, 20, '脊椎周圍及骨間深層按摩，專利結構，比肌肉硬但比骨骼軟，提供更深層也更具穿透性的按摩紓解', 'c5944ed0-41e9-473e-a9af-36aa26399c35.webp', 19, '2023-12-10 18:02:16', NULL, NULL, 4.5),
(47, 'FYT-20231210-016', '深層按摩滾筒 按摩滾輪 - 粉 foam roller', 1, 6, 1880, 20, '脊椎周圍及骨間深層按摩，專利結構，比肌肉硬但比骨骼軟，提供更深層也更具穿透性的按摩紓解', 'de46fb80-c517-44d1-8c94-d1f058bee90c.webp', 19, '2023-12-10 18:02:27', NULL, NULL, 4.5),
(48, 'FYT-20231210-017', '筋膜按摩球 fascia massage ball', 1, 6, 380, 1, '這個筋膜按摩球專為紓緩肌肉緊張和減輕肌肉疲勞而設計。緊湊且方便攜帶，適合運動後的按摩和伸展。', 'dbb94117-d06a-4e96-ab37-3ae2ad7dd055.webp', 59, '2023-12-10 18:04:01', NULL, NULL, 4.5),
(49, 'FYT-20231210-018', '競技壺鈴32kg - 紅 kettlebell', 1, 4, 5880, 43, '高規格的工藝技術，握把特殊的表面處理，提高訓練時的舒適，和一般傳統啞鈴最大的差別於重心集中且有更大的離心力，是核心訓練的理想選擇，隨重量的增加，體積大小並不會改變，整體由鋼製成，符合比賽使用的標準。', 'f26aa02e-3930-49cf-96fb-6cc97b1f0999.webp,c26c9089-72ba-40ab-b9bf-771cf87d32ca.webp', 50, '2023-12-10 18:07:55', NULL, NULL, 4.5),
(50, 'FYT-20231210-019', '競技壺鈴12kg - 藍 kettlebell', 1, 4, 3280, 43, '高規格的工藝技術，握把特殊的表面處理，提高訓練時的舒適，和一般傳統啞鈴最大的差別於重心集中且有更大的離心力，是核心訓練的理想選擇，隨重量的增加，體積大小並不會改變，整體由鋼製成，符合比賽使用的標準。', 'b7a04c7a-df99-4a2f-8220-ed71f1ef5be7.webp,7123258d-3934-457c-b08e-23c71f451764.webp', 50, '2023-12-10 18:08:28', NULL, NULL, 4.5),
(51, 'FYT-20231210-020', '競技壺鈴24kg - 綠 kettlebell', 1, 4, 3980, 23, '高規格的工藝技術，握把特殊的表面處理，提高訓練時的舒適，和一般傳統啞鈴最大的差別於重心集中且有更大的離心力，是核心訓練的理想選擇，隨重量的增加，體積大小並不會改變，整體由鋼製成，符合比賽使用的標準。', '3371d12b-2564-4f4d-b410-49d659e95e08.webp,479b11f6-707a-4da8-9e69-d112f9b22620.webp', 50, '2023-12-10 18:08:55', NULL, NULL, 4.5),
(52, 'FYT-20231210-021', '競技壺鈴16kg - 黃 kettlebell', 1, 4, 3480, 1, '高規格的工藝技術，握把特殊的表面處理，提高訓練時的舒適，和一般傳統啞鈴最大的差別於重心集中且有更大的離心力，是核心訓練的理想選擇，隨重量的增加，體積大小並不會改變，整體由鋼製成，符合比賽使用的標準。', '6ea2c7bc-0c38-4389-bc78-72a69327c060.webp,d8081a16-5711-4107-9fc7-e053ef15f0c0.webp', 50, '2023-12-10 18:09:47', NULL, NULL, 4.5),
(53, 'FYT-20231210-022', '競技壺鈴20kg - 紫 kettlebell', 1, 4, 3680, 10, '高規格的工藝技術，握把特殊的表面處理，提高訓練時的舒適，和一般傳統啞鈴最大的差別於重心集中且有更大的離心力，是核心訓練的理想選擇，隨重量的增加，體積大小並不會改變，整體由鋼製成，符合比賽使用的標準。', '153d1adb-cc8e-409f-a8a4-1b8071202cf9.webp,e62951e5-9efd-458e-880e-018a90d2e25b.webp', 23, '2023-12-10 18:10:16', NULL, NULL, 4.5),
(54, 'FYT-20231210-023', '競技壺鈴8kg - 紅 kettlebell', 1, 4, 1190, 45, '高規格的工藝技術，握把特殊的表面處理，提高訓練時的舒適，和一般傳統啞鈴最大的差別於重心集中且有更大的離心力，是核心訓練的理想選擇，隨重量的增加，體積大小並不會改變，整體由鋼製成，符合比賽使用的標準。', '14587a5e-26ca-47f3-adab-233e1ba0eeb5.webp,9d860282-4ed4-4382-afd6-9de7cad2961d.webp,ad9699b5-608f-402c-accb-c4c8c1901452.webp', 31, '2023-12-10 18:11:47', NULL, NULL, 4.8),
(55, 'FYT-20231210-024', '競技壺鈴4kg - 黑 kettlebell', 1, 4, 460, 42, '高規格的工藝技術，握把特殊的表面處理，提高訓練時的舒適，和一般傳統啞鈴最大的差別於重心集中且有更大的離心力，是核心訓練的理想選擇，隨重量的增加，體積大小並不會改變，整體由鋼製成，符合比賽使用的標準。', 'edcdc9a9-1cbb-4998-93a2-ef67695d42ad.webp', 23, '2023-12-10 18:12:19', NULL, NULL, 4.5),
(56, 'FYT-20231210-025', '速拆可調式啞鈴25kg dumbbell', 1, 4, 4490, 42, '這套亞鈴組合包含多種重量，適合健身愛好者和尋求增肌或強化肌力的人。', 'a4fe54e1-b924-418a-9081-9cc7fb4ef53d.webp,533190b5-7c83-449d-8a82-2dff4ee5d2dc.webp,a8855127-1388-4333-9d69-27567f2c6058.webp,08c5dfc6-128b-4f45-951c-91676075c552.webp', 35, '2023-12-10 18:14:56', NULL, NULL, 4.5),
(57, 'FYT-20231210-026', '速拆可調式啞鈴12.kg dumbbell', 1, 4, 1680, 32, '適合健身愛好者和尋求增肌或強化肌力的人。', 'b2b95def-92cd-4509-acd2-c2799c769ba3.webp', 27, '2023-12-10 18:15:54', NULL, NULL, 4.5),
(58, 'FYT-20231210-027', '多功能健身椅 weight bench', 1, 4, 14990, 10, '它的多功能Compact設計給您充足的空間將您所需的健身配件存放在長凳各個部位的儲存空間，除此之外，多功能的Zone+可配合您的需求執行多種運動，如戰繩訓練，拉力帶運動，以及肌力上的重量訓練，有助於增強您的核心力量和肌力。', 'f9f85f00-9c7f-4aef-9625-0d2183029124.webp,3d81ad30-b055-4902-a206-7ce9ce62a9e2.webp', 13, '2023-12-10 18:17:37', NULL, NULL, 4.5),
(59, 'FYT-20231210-028', '厚磅寬版帽衣 - 松葉綠 hoodie-oversized', 2, 8, 1980, 42, '台灣頂級布料，獨立開規，700克且內裡重刷，呈現厚磅質感，袖口和下擺採用高級織片羅紋，紮實且具有彈性，不容易鬆垮採用Oversized版型3D落肩袖設計使肩膀視覺上更顯黃金比例，整體版型採用寬版設計，輕鬆穿搭也可以呈現時尚潮流', '8ea3a84c-e7c3-4e01-a407-c94b15769318.jpg,a4aef3c5-fd9d-42ae-bbbc-97601d59bc68.jpg,bf064c62-584f-4d5e-b643-281d5b8ac502.jpg', 53, '2023-12-10 18:21:13', NULL, NULL, 4.5),
(60, 'FYT-20231210-029', '厚磅寬版帽衣 - 碳黑 hoodie-oversized', 2, 8, 1980, 42, '台灣頂級布料，獨立開規，700克且內裡重刷，呈現厚磅質感，袖口和下擺採用高級織片羅紋，紮實且具有彈性，不容易鬆垮採用Oversized版型3D落肩袖設計使肩膀視覺上更顯黃金比例，整體版型採用寬版設計，輕鬆穿搭也可以呈現時尚潮流', '7248fbd0-66e9-440c-b331-0802a2fe7cd6.jpg,01c723b6-09a7-4735-b8af-29fd5a32900e.jpg,97ccc3c9-726f-4e36-a7cb-2e22257a6cb4.jpg', 32, '2023-12-10 18:22:02', NULL, NULL, 4.5),
(61, 'FYT-20231210-030', '厚磅寬版帽衣 - 奶茶 hoodie-oversized', 2, 8, 1980, 42, '台灣頂級布料，獨立開規，700克且內裡重刷，呈現厚磅質感，袖口和下擺採用高級織片羅紋，紮實且具有彈性，不容易鬆垮採用Oversized版型3D落肩袖設計使肩膀視覺上更顯黃金比例，整體版型採用寬版設計，輕鬆穿搭也可以呈現時尚潮流', '10346c7a-e3a5-44d6-bef0-94ca045b4a54.jpg,ea1ff984-603b-4e4a-ab48-04bab570ad4c.jpg,65e2c013-f6be-4cbd-a7dc-04dce5c58ef4.jpg', 48, '2023-12-10 18:22:35', NULL, NULL, 4.5),
(62, 'FYT-20231210-031', '寬版防水透氣外套 waterproof-jacket', 2, 8, 3680, 15, '專為戶外愛好者打造，獨特寬鬆剪裁，提供舒適活動空間。採用先進防水透氣技術，有效抵禦雨水同時保持通風，確保在各種天氣狀況下都能保持乾爽舒適。輕巧易攜，適合徒步、露營等活動，並具有耐磨耐用的特性，讓您無懼草木叢生。設計簡約時尚，適合城市穿搭，是您在各種場合都能依賴的防護夥伴。', 'd2cd4703-dceb-4075-beeb-846d953606d5.jpg,8ed6b563-3da1-4710-988b-07e8024ef881.jpg,46d54e83-80bc-4bad-a6fd-d636126405a2.jpg', 32, '2023-12-10 19:15:50', NULL, NULL, 4.5),
(63, 'FYT-20231210-032', '抗菌訓練寬肩背心 armorlite-sleeveless', 2, 8, 850, 15, '專為運動愛好者打造的理想選擇。採用先進的抗菌科技，有效防止細菌繁殖，保持衣物清潔衛生。獨特的寬肩設計提供良好支撐，減少運動時的壓力，增進舒適感。透氣材質使空氣流通，保持涼爽感受，適合各種運動場合。背心造型時尚簡約，同時具備功能性和美觀性，是您運動訓練中的完美伴侶，讓您保持清爽、自信，享受運動樂趣。', 'b4f7e131-ae6d-4396-8454-d897d4e2439f.jpg,c9431842-de55-45ad-80cc-b57a1d92cd1d.jpg,01190f63-43b9-4a05-9d91-446892e7aa16.jpg', 50, '2023-12-10 19:19:36', NULL, NULL, 4.7),
(64, 'FYT-20231210-033', '輕磨毛機能長袖 longsleeve', 2, 8, 950, 20, '專為運動愛好者打造的理想選擇。採用先進的抗菌科技，有效防止細菌繁殖，保持衣物清潔衛生。獨特的寬肩設計提供良好支撐，減少運動時的壓力，增進舒適感。透氣材質使空氣流通，保持涼爽感受，適合各種運動場合。背心造型時尚簡約，同時具備功能性和美觀性，是您運動訓練中的完美伴侶，讓您保持清爽、自信，享受運動樂趣。', 'f0c4f43f-58d2-495a-b46e-4621cee91ac7.jpg,22086781-79bd-4690-b681-e33d21423698.jpg,3293b1ec-b332-487a-ad2f-fa5c06bece2d.jpg', 66, '2023-12-10 19:21:27', NULL, NULL, 4.8),
(65, 'FYT-20231210-034', '半門襟機能長袖 placket longsleeve', 2, 8, 1380, 20, '專為運動愛好者打造的理想選擇。採用先進的抗菌科技，有效防止細菌繁殖，保持衣物清潔衛生。獨特的寬肩設計提供良好支撐，減少運動時的壓力，增進舒適感。透氣材質使空氣流通，保持涼爽感受，適合各種運動場合。背心造型時尚簡約，同時具備功能性和美觀性，是您運動訓練中的完美伴侶，讓您保持清爽、自信，享受運動樂趣。', 'ff59b864-434e-4de4-881d-464ed883d10f.jpg,eb216782-4f7d-4441-9874-6919ce5e4a95.jpg,3d2ab69b-712e-4c2c-8760-4bdc8b0322ff.jpg', 36, '2023-12-10 19:22:25', NULL, NULL, 4.5),
(66, 'FYT-20231210-035', '寬肩訓練長袖 - 灰 freshtx  longsleeve', 2, 8, 690, 20, '專為運動愛好者打造的理想選擇。採用先進的抗菌科技，有效防止細菌繁殖，保持衣物清潔衛生。獨特的寬肩設計提供良好支撐，減少運動時的壓力，增進舒適感。透氣材質使空氣流通，保持涼爽感受，適合各種運動場合。背心造型時尚簡約，同時具備功能性和美觀性，是您運動訓練中的完美伴侶，讓您保持清爽、自信，享受運動樂趣。', '297f708b-3942-4f0c-9e5c-02226b3ff1d1.jpg,19535935-91da-494e-8530-b39803c6bcb8.jpg,37d8b57d-67a8-4fa0-9210-c5bdd78bdbdb.jpg', 36, '2023-12-10 19:24:07', NULL, NULL, 4.5),
(67, 'FYT-20231210-036', '寬肩訓練長袖 - 白 freshtx  longsleeve', 2, 8, 690, 20, '專為運動愛好者打造的理想選擇。採用先進的抗菌科技，有效防止細菌繁殖，保持衣物清潔衛生。獨特的寬肩設計提供良好支撐，減少運動時的壓力，增進舒適感。透氣材質使空氣流通，保持涼爽感受，適合各種運動場合。背心造型時尚簡約，同時具備功能性和美觀性，是您運動訓練中的完美伴侶，讓您保持清爽、自信，享受運動樂趣。', '00ea945f-d03f-4628-b056-94ac781a5287.jpg,5d6cd4d5-f371-4043-983d-d5eb2e60cf2e.jpg,a48407d5-1814-422d-8389-bfdbc289e6f4.jpg', 36, '2023-12-10 19:24:21', NULL, NULL, 4.5),
(68, 'FYT-20231210-037', '極致觸感機能訓練短袖上衣 - 黑 training short sleeve', 2, 8, 790, 20, '結合科技與時尚，為您的訓練體驗提供極致舒適。特殊觸感面料與機能性設計，使衣物觸感柔軟順滑，同時具備出色的排汗快乾效果，保持肌膚乾爽。短袖設計增加活動自由度，讓您在訓練中更加靈活。精緻剪裁展現時尚感，適合運動與日常穿搭。這款上衣是追求品質和風格的運動愛好者的不二之選，助您在訓練中發揮極致表現。', '61b7792e-3f90-4095-9bc5-c9f0aeb31f25.jpg,9d9ebf1a-198b-4f70-9c4d-3fd2381442d3.jpg,d436aefe-d8a6-423e-b010-35068ea6f8bc.jpg', 36, '2023-12-10 19:27:33', NULL, NULL, 4.5),
(69, 'FYT-20231210-038', '緞染機能短袖訓練上衣 - 黑 training short sleeve', 2, 8, 790, 20, '結合了時尚與機能，為您的訓練帶來全新體驗。特殊的緞染面料質感豐富，不僅觸感柔順，而且具備出色的排汗快乾效果，確保您在運動中保持清爽。短袖設計提供更大的活動範圍，讓您在訓練中更加靈活自如。精緻剪裁突顯線條，兼顧時尚感與實用性，適合運動和日常穿搭。', '1caf696e-edfb-4ca1-ba98-825b8f9c5902.jpg,fa280c4b-b08f-4fca-92f9-f721521812c9.jpg,e3ab84fa-3034-48c8-9a14-76c7bf78dbe7.jpg', 14, '2023-12-10 19:28:58', NULL, NULL, 4.5),
(70, 'FYT-20231210-039', '緞染機能短袖訓練上衣 - 白 training short sleeve', 2, 8, 790, 20, '結合了時尚與機能，為您的訓練帶來全新體驗。特殊的緞染面料質感豐富，不僅觸感柔順，而且具備出色的排汗快乾效果，確保您在運動中保持清爽。短袖設計提供更大的活動範圍，讓您在訓練中更加靈活自如。精緻剪裁突顯線條，兼顧時尚感與實用性，適合運動和日常穿搭。', 'd00143b5-111c-434f-8e06-8bc0d22c8592.jpg,c2f162eb-7ba2-43d2-8adc-d88a441dd331.jpg,38d5a361-1dfd-4d48-86b6-a9130aa79b38.jpg', 14, '2023-12-10 19:29:16', NULL, NULL, 4.5),
(71, 'FYT-20231210-040', '緞面機能短袖訓練上衣 - 白 training short sleeve', 2, 8, 790, 20, '結合了時尚與機能，為您的訓練帶來全新體驗。特殊的緞染面料質感豐富，不僅觸感柔順，而且具備出色的排汗快乾效果，確保您在運動中保持清爽。短袖設計提供更大的活動範圍，讓您在訓練中更加靈活自如。精緻剪裁突顯線條，兼顧時尚感與實用性，適合運動和日常穿搭。', '7cec6156-5779-4e90-bd5b-da9c1841b36e.jpg,f53ee08f-19b5-4444-a72e-2e8db8b23084.jpg,08b60df9-886e-4cca-b4f3-9edbbad67d71.jpg', 14, '2023-12-10 19:29:39', NULL, NULL, 4.5),
(72, 'FYT-20231210-041', '緞面機能短袖訓練上衣 - 黑 training short sleeve', 2, 8, 790, 19, '結合了時尚與機能，為您的訓練帶來全新體驗。特殊的緞染面料質感豐富，不僅觸感柔順，而且具備出色的排汗快乾效果，確保您在運動中保持清爽。短袖設計提供更大的活動範圍，讓您在訓練中更加靈活自如。精緻剪裁突顯線條，兼顧時尚感與實用性，適合運動和日常穿搭。', '36f45ecd-6ece-4372-a0be-411d3b724890.jpg,0b0d7bda-7d57-49de-a249-1c130df7251d.jpg,a0a8cdee-842f-4045-8b2d-2c886f913383.jpg', 15, '2023-12-10 19:29:48', NULL, NULL, 4.5),
(73, 'FYT-20231210-042', '圓弧健身訓練背心 - 黑 training short sleeve', 2, 8, 650, 32, '結合了時尚與機能，為您的訓練帶來全新體驗。特殊的緞染面料質感豐富，不僅觸感柔順，而且具備出色的排汗快乾效果，確保您在運動中保持清爽。短袖設計提供更大的活動範圍，讓您在訓練中更加靈活自如。精緻剪裁突顯線條，兼顧時尚感與實用性，適合運動和日常穿搭。', '9fb71b48-f1b5-4a08-8b3c-33091bbbbcb6.jpg,e400fa09-cc6a-41e4-acac-0671220f2125.jpg,fdbc53fd-7260-4928-a661-4dc95e786f5e.jpg', 33, '2023-12-10 19:31:05', NULL, NULL, 4.5),
(74, 'FYT-20231210-043', '圓弧健身訓練背心 - 深藍 training short sleeve', 2, 8, 650, 24, '結合了時尚與機能，為您的訓練帶來全新體驗。特殊的緞染面料質感豐富，不僅觸感柔順，而且具備出色的排汗快乾效果，確保您在運動中保持清爽。短袖設計提供更大的活動範圍，讓您在訓練中更加靈活自如。精緻剪裁突顯線條，兼顧時尚感與實用性，適合運動和日常穿搭。', '261dec62-7d81-4de2-98be-c10e15074d77.jpg,85ff2047-3941-41b9-a2af-e000792969d6.jpg,6bd397e0-1a0b-4f0f-93ca-b8557ef4e081.jpg', 22, '2023-12-10 19:31:27', NULL, NULL, 4.5),
(75, 'FYT-20231210-044', '圓弧健身訓練背心 - 白 training short sleeve', 2, 8, 650, 24, '結合了時尚與機能，為您的訓練帶來全新體驗。特殊的緞染面料質感豐富，不僅觸感柔順，而且具備出色的排汗快乾效果，確保您在運動中保持清爽。短袖設計提供更大的活動範圍，讓您在訓練中更加靈活自如。精緻剪裁突顯線條，兼顧時尚感與實用性，適合運動和日常穿搭。', 'ed40a767-b8f0-40b1-9a14-4920ded4b169.jpg,d12aafe4-954f-4f9a-b90b-9f798deb1e92.jpg,a755d7c3-307f-44b5-9588-3a5f91a897fe.jpg', 22, '2023-12-10 19:31:53', NULL, NULL, 4.5),
(76, 'FYT-20231210-045', '圓弧健身訓練背心 - 淺藍 training short sleeve', 2, 8, 650, 10, '結合了時尚與機能，為您的訓練帶來全新體驗。特殊的緞染面料質感豐富，不僅觸感柔順，而且具備出色的排汗快乾效果，確保您在運動中保持清爽。短袖設計提供更大的活動範圍，讓您在訓練中更加靈活自如。精緻剪裁突顯線條，兼顧時尚感與實用性，適合運動和日常穿搭。', '4494ed4c-0037-49e3-a7af-4acd5813d739.jpg,fa6eae3f-1e90-4c8f-8bb8-79448006bee5.jpg,d67383eb-9bea-4858-a2f7-9b361d337f9c.jpg', 6, '2023-12-10 19:32:14', NULL, NULL, 4.5),
(77, 'FYT-20231210-046', '立體口袋訓練長褲 3D pocket training pants', 2, 9, 1580, 10, '結合時尚與功能性，為您的訓練提供卓越的穿著體驗。設有立體剪裁的口袋，不僅增加裝備的收納空間，更突顯獨特風格。彈性材質確保舒適貼身，同時提供足夠的活動自由度。快乾技術保持乾爽感，適用於各類運動。簡約且時尚的外觀，使這條長褲不僅適合運動，更能輕鬆搭配日常服飾，成為您活力生活的不可或缺之選。', '984e3bd3-6ac6-47d5-ae77-c02e675e07ff.jpg,a6bfffa3-1f51-4303-b358-b89753d893e3.jpg,6ed25b94-a987-42cf-8742-dc3f9aedd493.jpg', 35, '2023-12-10 19:34:50', NULL, NULL, 4.5),
(78, 'FYT-20231210-047', '剪接訓練短褲 - 深藍 performance-shorts', 2, 9, 1080, 10, '結合時尚與功能性，為您的訓練提供卓越的穿著體驗。設有立體剪裁的口袋，不僅增加裝備的收納空間，更突顯獨特風格。彈性材質確保舒適貼身，同時提供足夠的活動自由度。快乾技術保持乾爽感，適用於各類運動。簡約且時尚的外觀，使這條長褲不僅適合運動，更能輕鬆搭配日常服飾，成為您活力生活的不可或缺之選。', '1e3f520c-dc1f-4bc3-8e7c-c22349867166.jpg,8c53e0cd-a527-4b46-854a-96cb8f20b493.jpg,afeb8161-62dd-4e4d-a42b-3bc8aac8d4df.jpg', 35, '2023-12-10 19:36:32', NULL, NULL, 4.5),
(79, 'FYT-20231210-048', '剪接訓練短褲 - 黑 performance-shorts', 2, 9, 1080, 10, '結合時尚與功能性，為您的訓練提供卓越的穿著體驗。設有立體剪裁的口袋，不僅增加裝備的收納空間，更突顯獨特風格。彈性材質確保舒適貼身，同時提供足夠的活動自由度。快乾技術保持乾爽感，適用於各類運動。簡約且時尚的外觀，使這條長褲不僅適合運動，更能輕鬆搭配日常服飾，成為您活力生活的不可或缺之選。', 'f2a77756-a94c-4884-b46f-57df126788f0.jpg,3797b2e6-b608-4c0f-8129-26272dacd0af.jpg,dbbe964b-e8f8-4f3b-a3f8-12ce22f985bc.jpg', 38, '2023-12-10 19:36:55', NULL, NULL, 4.5),
(80, 'FYT-20231210-049', '剪接訓練短褲 - 軍綠 performance-shorts', 2, 9, 1080, 5, '結合時尚與功能性，為您的訓練提供卓越的穿著體驗。設有立體剪裁的口袋，不僅增加裝備的收納空間，更突顯獨特風格。彈性材質確保舒適貼身，同時提供足夠的活動自由度。快乾技術保持乾爽感，適用於各類運動。簡約且時尚的外觀，使這條長褲不僅適合運動，更能輕鬆搭配日常服飾，成為您活力生活的不可或缺之選。', '7f2f1b06-aef7-483a-a4b6-8f6938785aa8.jpg,248b26c4-a7ef-4913-a1c6-9599facef7f9.jpg,3b2e937d-f601-4a64-b889-afef84119614.jpg', 12, '2023-12-10 19:37:44', NULL, NULL, 4.5),
(81, 'FYT-20231210-050', '羅紋後袋短 leggings', 2, 9, 980, 24, '一種極具時尚感與功能性的短款緊身褲。設有獨特的羅紋設計，不僅突顯褲款質感，還提供額外的修飾效果。特別設計的後袋則增加了實用性，方便攜帶小物品。採用彈性材質，確保緊密貼合，同時保持舒適的穿著感。這條短 leggings 不僅適合運動，更是日常休閒穿搭的理想之選，為您帶來時尚、舒適的穿著體驗。', '97f29479-5fe5-4644-ada8-bbc8b2c5b7e6.jpg,a71430c6-6ff3-45e1-92b6-f224cddd8fba.jpg,1abd3956-4bc3-4579-965b-68a99deb4e44.jpg', 46, '2023-12-10 19:39:50', NULL, NULL, 4.5),
(82, 'FYT-20231210-051', '四分側線 leggings', 2, 9, 1080, 25, '一種極具時尚感與功能性的短款緊身褲。設有獨特的羅紋設計，不僅突顯褲款質感，還提供額外的修飾效果。特別設計的後袋則增加了實用性，方便攜帶小物品。採用彈性材質，確保緊密貼合，同時保持舒適的穿著感。這條短 leggings 不僅適合運動，更是日常休閒穿搭的理想之選，為您帶來時尚、舒適的穿著體驗。', 'e6c643e5-2c0d-4b13-a01d-25a69bef91b7.jpg,ee1a60ae-b83f-465e-ad0c-584f589c18c5.jpg,8144e65f-43cc-4864-8469-409777d8c2b7.jpg', 24, '2023-12-10 19:40:28', NULL, NULL, 4.5),
(83, 'FYT-20231210-052', '側線圓臀 leggings', 2, 9, 1080, 25, '一種極具時尚感與功能性的長款緊身褲。設有獨特的羅紋設計，不僅突顯褲款質感，還提供額外的修飾效果。特別設計的後袋則增加了實用性，方便攜帶小物品。採用彈性材質，確保緊密貼合，同時保持舒適的穿著感。這條長 leggings 不僅適合運動，更是日常休閒穿搭的理想之選，為您帶來時尚、舒適的穿著體驗。', '75a0377f-7dca-46a0-bdb2-6e2ca5aa2e9b.jpg,8983e49e-432c-4feb-b868-cdf8360f54fb.jpg,3efc8a18-dc6b-4123-8397-f9e027c20ab0.jpg', 24, '2023-12-10 19:41:11', NULL, NULL, 4.5),
(84, 'FYT-20231210-053', '側弧袋 leggings', 2, 9, 1680, 25, '一種極具時尚感與功能性的長款緊身褲。設有獨特的羅紋設計，不僅突顯褲款質感，還提供額外的修飾效果。特別設計的後袋則增加了實用性，方便攜帶小物品。採用彈性材質，確保緊密貼合，同時保持舒適的穿著感。這條長 leggings 不僅適合運動，更是日常休閒穿搭的理想之選，為您帶來時尚、舒適的穿著體驗。', 'd1c41876-fa7b-4e62-b0ae-ab7d0e00f08f.jpg,0d9b8170-59ca-4cbe-b8d5-dbe7a3fe5627.jpg,c4a92f7b-370b-4275-988b-ee117cc28ec3.jpg', 24, '2023-12-10 19:41:43', NULL, NULL, 4.5),
(85, 'FYT-20231210-054', '修身美臀牛仔褲 jeans', 2, 9, 2380, 25, '一種極具時尚感與功能性的長款緊身褲。設有獨特的羅紋設計，不僅突顯褲款質感，還提供額外的修飾效果。特別設計的後袋則增加了實用性，方便攜帶小物品。採用彈性材質，確保緊密貼合，同時保持舒適的穿著感。這條長 leggings 不僅適合運動，更是日常休閒穿搭的理想之選，為您帶來時尚、舒適的穿著體驗。', '6a21f26e-893f-4a3d-9723-8e71292066f5.jpg,c6c87831-d46f-4a0b-a802-bde2808a3010.jpg,21e9f283-731e-405b-9774-9f39d6fdca6f.jpg', 24, '2023-12-10 19:43:00', NULL, NULL, 4.5),
(86, 'FYT-20231210-055', '修身喇叭長褲 jeans', 2, 9, 1680, 25, '一種極具時尚感與功能性的長款緊身褲。設有獨特的羅紋設計，不僅突顯褲款質感，還提供額外的修飾效果。特別設計的後袋則增加了實用性，方便攜帶小物品。採用彈性材質，確保緊密貼合，同時保持舒適的穿著感。這條長 leggings 不僅適合運動，更是日常休閒穿搭的理想之選，為您帶來時尚、舒適的穿著體驗。', '0ed848e7-4bb0-4b24-9115-467cf633087c.jpg,8b6b535a-5bbc-4a46-8495-35f79489a136.jpg,31b25217-07c9-47f6-bd21-f3c77f8e5acb.jpg', 24, '2023-12-10 19:43:20', NULL, NULL, 4.5),
(87, 'FYT-20231210-056', '前開衩直腿寬褲 - 黑 pants', 2, 9, 680, 15, '一種極具時尚感與功能性的長款緊身褲。設有獨特的羅紋設計，不僅突顯褲款質感，還提供額外的修飾效果。特別設計的後袋則增加了實用性，方便攜帶小物品。採用彈性材質，確保緊密貼合，同時保持舒適的穿著感。這條長 leggings 不僅適合運動，更是日常休閒穿搭的理想之選，為您帶來時尚、舒適的穿著體驗。', '870b1b59-8b85-4f0c-b6f0-722abbcac277.jpg,c5622924-69c5-4c14-9d0d-76ba74dffa46.jpg,763f0419-e62f-4479-bdcb-ce3c987c9815.jpg', 24, '2023-12-10 19:45:06', NULL, NULL, 4.5),
(88, 'FYT-20231210-057', '前開衩直腿寬褲 - 咖 pants', 2, 9, 680, 15, '一種極具時尚感與功能性的長款緊身褲。設有獨特的羅紋設計，不僅突顯褲款質感，還提供額外的修飾效果。特別設計的後袋則增加了實用性，方便攜帶小物品。採用彈性材質，確保緊密貼合，同時保持舒適的穿著感。這條長 leggings 不僅適合運動，更是日常休閒穿搭的理想之選，為您帶來時尚、舒適的穿著體驗。', 'e53bd26e-68b3-466f-8eb6-7cf0c7803c8c.jpg,abc7f6b4-3f02-4972-9dd5-94fc10fda7cb.jpg,59ac9588-5858-4a33-9842-783154be3573.jpg', 24, '2023-12-10 19:45:22', NULL, NULL, 4.5),
(89, 'FYT-20231210-058', '高腰翹臀長褲 - 薄荷 leggings', 2, 9, 890, 45, '一種極具時尚感與功能性的長款緊身褲。設有獨特的羅紋設計，不僅突顯褲款質感，還提供額外的修飾效果。特別設計的後袋則增加了實用性，方便攜帶小物品。採用彈性材質，確保緊密貼合，同時保持舒適的穿著感。這條長 leggings 不僅適合運動，更是日常休閒穿搭的理想之選，為您帶來時尚、舒適的穿著體驗。', 'a5a39f33-b8fd-46c0-889f-adcd32c2ab1c.jpg,795f7f12-9b2b-41ed-b846-aa206b729551.jpg,73bde7ff-5a35-4a34-ac0f-ec3d3b8a84dd.jpg', 65, '2023-12-10 19:46:18', NULL, NULL, 4.5),
(90, 'FYT-20231210-059', '側口袋訓練五分褲 shorts', 2, 9, 590, 41, '一種極具時尚感與功能性的短款緊身褲。設有獨特的羅紋設計，不僅突顯褲款質感，還提供額外的修飾效果。特別設計的後袋則增加了實用性，方便攜帶小物品。採用彈性材質，確保緊密貼合，同時保持舒適的穿著感。', '25496977-c6aa-4027-ab25-aef686db7473.jpg,c5abc763-b65c-4e77-b0b8-d615bc37da3b.jpg,132c13d9-4db0-47c4-9cf2-b66281fddc3d.jpg', 69, '2023-12-10 19:47:17', NULL, NULL, 4.5),
(91, 'FYT-20231210-060', '提花挖背無縫運動內衣 seamless sports bra', 2, 8, 690, 45, '一種極具時尚感與功能性的短款緊身褲。設有獨特的羅紋設計，不僅突顯褲款質感，還提供額外的修飾效果。特別設計的後袋則增加了實用性，方便攜帶小物品。採用彈性材質，確保緊密貼合，同時保持舒適的穿著感。', '84a6a205-0b99-4a5b-8e44-9f4c10471536.jpg,32726ece-2189-4bf2-8888-43e26fc75980.jpg,dec53288-32ce-4fbb-9cda-8b204935b636.jpg', 23, '2023-12-10 19:49:55', NULL, NULL, 4.5),
(92, 'FYT-20231210-061', '扭結小背心 - 薄荷 top knot', 2, 8, 690, 45, '一種極具時尚感與功能性的短款緊身褲。設有獨特的羅紋設計，不僅突顯褲款質感，還提供額外的修飾效果。特別設計的後袋則增加了實用性，方便攜帶小物品。採用彈性材質，確保緊密貼合，同時保持舒適的穿著感。', 'bf513d98-9fb0-4d8e-ae7e-32aa93118cbc.jpg,c8b5b1e3-437f-436a-9179-83f41fca1774.jpg,2cefbfc1-150a-407e-b48a-5e9656fa25e0.jpg', 33, '2023-12-10 19:51:07', NULL, NULL, 4.5),
(93, 'FYT-20231210-062', '後開衩背心罩衫 top openback', 2, 8, 690, 45, '都會長版背心，紮出完美腰身、隨心靈動，輕盈盡顯層次魅力、Adapt 機能材質，透氣排汗無阻力', '21b96409-40de-44af-96c5-784458f6db73.jpg,be4ac07c-47c4-449a-ad0c-194594d913b2.jpg,ae61d9c2-b957-48f6-a9ca-bada2004f713.jpg', 33, '2023-12-10 19:52:20', NULL, NULL, 4.5),
(94, 'FYT-20231210-063', '後開衩背心罩衫 - 黑 top openback', 2, 8, 690, 45, '都會長版背心，紮出完美腰身、隨心靈動，輕盈盡顯層次魅力、Adapt 機能材質，透氣排汗無阻力', '98fe2625-707a-4c45-8006-54594d73fd8d.jpg,6b8c9bf5-0b71-4b7d-894c-b890f35f02ee.jpg,56031130-ebc1-4eb5-89ba-cedc3f4d5d27.jpg', 33, '2023-12-10 19:53:04', NULL, NULL, 4.5),
(95, 'FYT-20231210-064', '後開衩背心罩衫 - 白 top openback', 2, 8, 690, 45, '都會長版背心，紮出完美腰身、隨心靈動，輕盈盡顯層次魅力、Adapt 機能材質，透氣排汗無阻力', 'e990e02c-bcc3-4628-b8ea-dc9f849035b6.jpg,5194643c-5f33-45bd-80b3-81bdf1fb57b0.jpg,abc9a20e-38d8-49c0-9e12-ef24e3e3878e.jpg', 33, '2023-12-10 19:54:20', NULL, NULL, 4.5),
(96, 'FYT-20231210-065', '女款前口袋圓領 - 白 top pocket', 2, 8, 890, 25, '舒適休閒的夏季單品，隨興的生活運動風格、落肩短版寬鬆剪裁，修飾身材比例更顯瘦、重磅Sorona纖維，絕佳滑順手感與機能吸濕特性、胸前口袋點綴，率性俐落的視覺，可與男款成套情侶裝', '4db57585-bb10-47cc-999a-06592f709d11.jpg,b6418bc6-9418-439a-96f2-cfc2d36f5eab.jpg,812ee3c0-d4be-4430-9682-b2f45c78d968.jpg', 33, '2023-12-10 19:56:16', NULL, NULL, 4.5),
(97, 'FYT-20231210-066', '鏤空短版長袖 long-sleeve', 2, 8, 950, 25, '使用台灣頂機能彈性布料，觸感高彈親膚，特選Nylon纖維，吸汗不濕黏, 微磨毛手感紮實、提供四向延展包覆', '72d811c7-3d07-4caa-9c0e-1556dbadfbf7.jpg,950f1b68-70d8-48df-b310-fb1646f74ca4.jpg,2b672554-b469-43a4-9c61-015763202427.jpg', 33, '2023-12-10 19:58:34', NULL, NULL, 4.5),
(98, 'FYT-20231210-067', '拉格蘭短版長袖 long-sleeve', 2, 8, 950, 25, '使用台灣頂機能彈性布料，觸感高彈親膚，特選Nylon纖維，吸汗不濕黏, 微磨毛手感紮實、提供四向延展包覆', '3c57b3f9-39f8-43ac-86ee-17a70b97bef7.jpg,2ddc13bc-b79c-4fd8-9e76-34928bf00b0f.jpg,8740fd70-16f4-4ed0-b446-cc5d2ece4af8.jpg', 33, '2023-12-10 19:59:06', NULL, NULL, 4.5),
(99, 'FYT-20231210-068', '輕磨毛機能長袖 long-sleeve', 2, 8, 950, 25, '使用台灣頂機能彈性布料，觸感高彈親膚，特選Nylon纖維，吸汗不濕黏, 微磨毛手感紮實、提供四向延展包覆', '28d00778-969a-49cf-afeb-c4cd52eb9501.jpg,1e3185d6-4418-4300-82b6-d5cd144fce7b.jpg,94a0cb31-3e71-4657-9a4f-4917683f508a.jpg', 33, '2023-12-10 19:59:33', NULL, NULL, 4.5),
(100, 'FYT-20231210-069', '長袖短版休閒連帽上衣 - 灰 hoodie', 2, 8, 1150, 25, '使用台灣頂機能彈性布料，觸感高彈親膚，特選Nylon纖維，吸汗不濕黏, 微磨毛手感紮實、提供四向延展包覆', '67f43c39-27c0-46a2-818a-bc4900321809.jpg,0e07191f-35ad-45dc-a403-c5b7b25fc859.jpg,5e40cf94-37cc-477f-82f9-28b7170fc066.jpg', 24, '2023-12-10 20:01:11', NULL, NULL, 4.5),
(101, 'FYT-20231210-070', '長袖短版休閒連帽上衣 - 橘 hoodie', 2, 8, 1150, 25, '使用台灣頂機能彈性布料，觸感高彈親膚，特選Nylon纖維，吸汗不濕黏, 微磨毛手感紮實、提供四向延展包覆', '4e1341f6-9a70-4d09-b0f9-ad43e2200b66.jpg,ef253cd8-724e-4f88-be46-4d7f3e68354d.jpg,17e53ae2-0c8d-42c6-9566-e4191a91862f.jpg', 24, '2023-12-10 20:01:34', NULL, NULL, 4.5),
(104, 'FYT-20231229-001', '[果果堅果] 水解乳清蛋白-綠豆沙牛奶隨身包(30包/盒)', 3, 10, 580, 23, '這款蛋白質補充劑以其卓越的特點而脫穎而出。每包補充劑中蛋白質含量高達80%，並且在每100克中提供豐富的EAA（40%）和BCAA（20%），提供全面的氨基酸支持，助力促進蛋白質合成和減緩肌肉分解。其更小的蛋白質形式有助於提高吸收效率，確保身體充分吸收這些重要的營養成分。\r\n', 'dd0642f7-52c0-40ed-b872-87f85ad98162.webp,56c0e066-fa51-4a5e-b844-c080cb475684.webp', 45, '2023-12-29 22:30:09', NULL, 2, 4.5),
(105, 'FYT-20231229-002', '[果果堅果] 水解乳清蛋白-可可歐蕾隨身包(30包/盒)', 3, 10, 580, 33, '這款蛋白質補充劑以其卓越的特點而脫穎而出。每包補充劑中蛋白質含量高達80%，並且在每100克中提供豐富的EAA（40%）和BCAA（20%），提供全面的氨基酸支持，助力促進蛋白質合成和減緩肌肉分解。其更小的蛋白質形式有助於提高吸收效率，確保身體充分吸收這些重要的營養成分。\r\n', '9c91574e-3835-49c6-85ee-c154c5a0381c.webp,88eff9fc-c079-4f3a-ae50-0df25e490f5f.webp', 56, '2023-12-29 22:30:40', NULL, 2, 4.5),
(106, 'FYT-20231229-003', '[果果堅果] 水解乳清蛋白-香蕉牛奶隨身包(30包/盒)', 3, 10, 580, 24, '這款蛋白質補充劑以其卓越的特點而脫穎而出。每包補充劑中蛋白質含量高達80%，並且在每100克中提供豐富的EAA（40%）和BCAA（20%），提供全面的氨基酸支持，助力促進蛋白質合成和減緩肌肉分解。其更小的蛋白質形式有助於提高吸收效率，確保身體充分吸收這些重要的營養成分。\r\n', 'fac2ba18-5d67-49cf-bf50-5175c25d3ebb.webp,656c4601-a62e-4a08-9e5a-693c81b817f2.webp', 32, '2023-12-29 22:31:17', NULL, 2, 4.5),
(107, 'FYT-20231229-004', '[果果堅果] 水解乳清蛋白-木瓜牛奶隨身包(30包/盒)', 3, 10, 580, 13, '這款蛋白質補充劑以其卓越的特點而脫穎而出。每包補充劑中蛋白質含量高達80%，並且在每100克中提供豐富的EAA（40%）和BCAA（20%），提供全面的氨基酸支持，助力促進蛋白質合成和減緩肌肉分解。其更小的蛋白質形式有助於提高吸收效率，確保身體充分吸收這些重要的營養成分。\r\n', '1bb0cb88-13ef-48b8-9521-fd06741c8345.webp,8657cb34-fc92-48df-bfde-cf8679b47730.webp', 27, '2023-12-29 22:34:14', NULL, 2, 4.5),
(108, 'FYT-20231229-005', '[果果堅果] 水解乳清蛋白-海鹽焦糖隨身包(30包/盒)', 3, 10, 580, 15, '這款蛋白質補充劑以其卓越的特點而脫穎而出。每包補充劑中蛋白質含量高達80%，並且在每100克中提供豐富的EAA（40%）和BCAA（20%），提供全面的氨基酸支持，助力促進蛋白質合成和減緩肌肉分解。其更小的蛋白質形式有助於提高吸收效率，確保身體充分吸收這些重要的營養成分。\r\n', '34a41d3a-b634-4f6c-bb4b-425e24f27360.webp,49d572df-d4dd-4cd0-b66d-ee8509a1599a.webp', 52, '2023-12-29 22:34:46', NULL, 2, 4.3),
(109, 'FYT-20231229-006', '[果果堅果] 水解乳清蛋白-無調味(500g/包)', 3, 10, 580, 65, '這款蛋白質補充劑以其卓越的特點而脫穎而出。每包補充劑中蛋白質含量高達80%，並且在每100克中提供豐富的EAA（40%）和BCAA（20%），提供全面的氨基酸支持，助力促進蛋白質合成和減緩肌肉分解。其更小的蛋白質形式有助於提高吸收效率，確保身體充分吸收這些重要的營養成分。\r\n', 'ca1bb726-d216-44ed-bec2-2c7fcc0b6348.webp,04d315cd-961a-4e1c-a6d4-4a133b700550.webp', 35, '2023-12-29 22:35:49', NULL, 2, 4.5),
(110, 'FYT-20231229-007', '戰神MARS水解乳清蛋白 (哈密瓜牛奶風味)', 3, 10, 2550, 23, '戰神全面升級，水解新革命！\n全面升級，全新包裝！\n吸收快一點，進步無極限！ 戰神水解乳清蛋白來自美國最純淨乳源，透過專利技術酵素處理水解製程，分子遠遠小於分離乳清蛋白，進一步提升了吸收效率以增加肌肉。\n水解過的乳清蛋白不僅同樣保有優異的營養價值且更為純淨，為乳清蛋白技術中最高規格。', '0c5919eb-4abe-4eeb-8ea2-2f144119df82.webp,ce9b55ff-59e8-4616-a7ca-b4821960ab4c.png', 54, '2023-12-29 22:41:14', NULL, 1, 4.5),
(111, 'FYT-20231229-008', '戰神MARS水解乳清蛋白 (無糖茗金萱奶茶風味)', 3, 10, 2550, 23, '戰神全面升級，水解新革命！\n全面升級，全新包裝！\n吸收快一點，進步無極限！ 戰神水解乳清蛋白來自美國最純淨乳源，透過專利技術酵素處理水解製程，分子遠遠小於分離乳清蛋白，進一步提升了吸收效率以增加肌肉。\n水解過的乳清蛋白不僅同樣保有優異的營養價值且更為純淨，為乳清蛋白技術中最高規格。', 'a900a47e-98c6-4d77-bfb2-535712907baf.webp,02e89e0d-f968-4e5a-9b89-6e1a132b0b6a.png', 54, '2023-12-29 22:43:55', NULL, 1, 4.5),
(112, 'FYT-20231229-009', '戰神MARS水解乳清蛋白 (巧克力風味)', 3, 10, 2550, 23, '戰神全面升級，水解新革命！\n全面升級，全新包裝！\n吸收快一點，進步無極限！ 戰神水解乳清蛋白來自美國最純淨乳源，透過專利技術酵素處理水解製程，分子遠遠小於分離乳清蛋白，進一步提升了吸收效率以增加肌肉。\n水解過的乳清蛋白不僅同樣保有優異的營養價值且更為純淨，為乳清蛋白技術中最高規格。', 'c36bea6b-9c08-4095-bcc8-ffa74ed2a82f.webp,4aca14f6-2e28-4389-bfe4-d0fd3293086b.png', 54, '2023-12-29 22:44:22', NULL, 1, 4.5),
(113, 'FYT-20231229-010', '戰神MARS水解乳清蛋白 (焦糖瑪琪雅朵)', 3, 10, 2550, 15, '戰神全面升級，水解新革命！\n全面升級，全新包裝！\n吸收快一點，進步無極限！ 戰神水解乳清蛋白來自美國最純淨乳源，透過專利技術酵素處理水解製程，分子遠遠小於分離乳清蛋白，進一步提升了吸收效率以增加肌肉。\n水解過的乳清蛋白不僅同樣保有優異的營養價值且更為純淨，為乳清蛋白技術中最高規格。', 'ef80662f-3cd9-4cf8-acdd-a6b72a6ff295.webp,ef1dab66-c5c4-499a-b67b-b95ff27a4bc0.png', 21, '2023-12-29 22:46:13', NULL, 1, 4.5),
(114, 'FYT-20231229-011', '戰神MARS水解乳清蛋白 (蜂蜜牛奶風味)', 3, 10, 2550, 15, '戰神全面升級，水解新革命！\n全面升級，全新包裝！\n吸收快一點，進步無極限！ 戰神水解乳清蛋白來自美國最純淨乳源，透過專利技術酵素處理水解製程，分子遠遠小於分離乳清蛋白，進一步提升了吸收效率以增加肌肉。\n水解過的乳清蛋白不僅同樣保有優異的營養價值且更為純淨，為乳清蛋白技術中最高規格。', '9bf54b36-1898-455d-8014-08ef0c5829bd.webp,6f6d3905-5f7d-4859-9285-3bf6c14d8bd6.png', 21, '2023-12-29 22:46:45', NULL, 1, 4.5),
(115, 'FYT-20231229-012', '戰神MARS水解乳清蛋白 (無糖茗金萱奶茶風味)', 3, 10, 2550, 45, '戰神全面升級，水解新革命！\n全面升級，全新包裝！\n吸收快一點，進步無極限！ 戰神水解乳清蛋白來自美國最純淨乳源，透過專利技術酵素處理水解製程，分子遠遠小於分離乳清蛋白，進一步提升了吸收效率以增加肌肉。\n水解過的乳清蛋白不僅同樣保有優異的營養價值且更為純淨，為乳清蛋白技術中最高規格。', '626e4cdc-4f41-4fcc-b255-3ce06910913a.webp,66f75ecf-c0e0-46be-95e3-af27ed5f5351.png', 34, '2023-12-29 22:50:20', NULL, 1, 4.5),
(116, 'FYT-20231229-013', '戰神MARS水解乳清蛋白 (抹茶風味)', 3, 10, 2550, 36, '戰神全面升級，水解新革命！\n全面升級，全新包裝！\n吸收快一點，進步無極限！ 戰神水解乳清蛋白來自美國最純淨乳源，透過專利技術酵素處理水解製程，分子遠遠小於分離乳清蛋白，進一步提升了吸收效率以增加肌肉。\n水解過的乳清蛋白不僅同樣保有優異的營養價值且更為純淨，為乳清蛋白技術中最高規格。', '5bc1ac0c-ac49-4218-b323-0d319e6da939.webp,20d215b7-2e33-443c-b69c-9f95442d83d6.png', 37, '2023-12-29 22:53:38', NULL, 1, 4.5),
(117, 'FYT-20231229-014', '戰神MARS水解乳清蛋白 (抹茶奶綠風味)', 3, 10, 2550, 25, '戰神全面升級，水解新革命！\n全面升級，全新包裝！\n吸收快一點，進步無極限！ 戰神水解乳清蛋白來自美國最純淨乳源，透過專利技術酵素處理水解製程，分子遠遠小於分離乳清蛋白，進一步提升了吸收效率以增加肌肉。\n水解過的乳清蛋白不僅同樣保有優異的營養價值且更為純淨，為乳清蛋白技術中最高規格。', '3099bbc4-78d8-41e3-8b7d-01391feaa375.webp,82551d86-368e-4636-80ce-1c8881f43e61.png', 27, '2023-12-29 22:54:45', NULL, 1, 4.5),
(118, 'FYT-20231229-015', '戰神MARS水解乳清蛋白 (無糖醇奶茶風味)', 3, 10, 2550, 37, '戰神全面升級，水解新革命！\n全面升級，全新包裝！\n吸收快一點，進步無極限！ 戰神水解乳清蛋白來自美國最純淨乳源，透過專利技術酵素處理水解製程，分子遠遠小於分離乳清蛋白，進一步提升了吸收效率以增加肌肉。\n水解過的乳清蛋白不僅同樣保有優異的營養價值且更為純淨，為乳清蛋白技術中最高規格。', '6ccb21dc-12ba-4199-be31-00b419ea0dec.webp,e00b8cc3-3e90-403a-82ed-9533c25a1147.png', 48, '2023-12-29 22:55:34', NULL, 1, 4.5),
(119, 'FYT-20231229-016', '戰神MARS水解乳清蛋白 (奶茶風味)', 3, 10, 2550, 29, '戰神全面升級，水解新革命！\n全面升級，全新包裝！\n吸收快一點，進步無極限！ 戰神水解乳清蛋白來自美國最純淨乳源，透過專利技術酵素處理水解製程，分子遠遠小於分離乳清蛋白，進一步提升了吸收效率以增加肌肉。\n水解過的乳清蛋白不僅同樣保有優異的營養價值且更為純淨，為乳清蛋白技術中最高規格。', '04d91104-9e7e-4f8c-937c-3f2459346339.webp,e642d11b-c9be-4e34-915d-f91d4d564d79.png', 37, '2023-12-29 22:56:14', NULL, 1, 4.5),
(120, 'FYT-20231229-017', '戰神MARS水解乳清蛋白 (烏龍奶茶風味)', 3, 10, 2550, 37, '戰神全面升級，水解新革命！\n全面升級，全新包裝！\n吸收快一點，進步無極限！ 戰神水解乳清蛋白來自美國最純淨乳源，透過專利技術酵素處理水解製程，分子遠遠小於分離乳清蛋白，進一步提升了吸收效率以增加肌肉。\n水解過的乳清蛋白不僅同樣保有優異的營養價值且更為純淨，為乳清蛋白技術中最高規格。', 'b929ef87-03ef-457f-b787-03e5918f907b.webp,eb31cb7b-d090-451e-9d46-db889efba4a7.png', 22, '2023-12-29 22:57:10', NULL, 1, 4.5),
(121, 'FYT-20231229-018', '戰神MARS水解乳清蛋白 (草莓牛奶風味)', 3, 10, 2550, 41, '戰神全面升級，水解新革命！\n全面升級，全新包裝！\n吸收快一點，進步無極限！ 戰神水解乳清蛋白來自美國最純淨乳源，透過專利技術酵素處理水解製程，分子遠遠小於分離乳清蛋白，進一步提升了吸收效率以增加肌肉。\n水解過的乳清蛋白不僅同樣保有優異的營養價值且更為純淨，為乳清蛋白技術中最高規格。', '97ffed71-4cd2-46e2-9f74-c457fc0c439e.webp,a57d4842-1de8-4989-a4d6-ab9e584593ae.png', 26, '2023-12-29 22:57:42', NULL, 1, 4.5),
(122, 'FYT-20231229-019', '戰神MARS水解乳清蛋白 (芋頭牛奶風味)', 3, 10, 2550, 21, '戰神全面升級，水解新革命！\n全面升級，全新包裝！\n吸收快一點，進步無極限！ 戰神水解乳清蛋白來自美國最純淨乳源，透過專利技術酵素處理水解製程，分子遠遠小於分離乳清蛋白，進一步提升了吸收效率以增加肌肉。\n水解過的乳清蛋白不僅同樣保有優異的營養價值且更為純淨，為乳清蛋白技術中最高規格。', 'b7548561-4e0f-47db-9378-f0dcc110581c.webp,7c5a7543-5a15-484a-aa1b-6a5d860af9eb.png', 32, '2023-12-29 22:58:19', NULL, 1, 4.5),
(123, 'FYT-20231229-020', '戰神MARS水解乳清蛋白 (香草風味)', 3, 10, 2550, 31, '戰神全面升級，水解新革命！\n全面升級，全新包裝！\n吸收快一點，進步無極限！ 戰神水解乳清蛋白來自美國最純淨乳源，透過專利技術酵素處理水解製程，分子遠遠小於分離乳清蛋白，進一步提升了吸收效率以增加肌肉。\n水解過的乳清蛋白不僅同樣保有優異的營養價值且更為純淨，為乳清蛋白技術中最高規格。', '744aa0e1-5ee3-47fe-bd1a-a08ffcf62f6a.webp,f1596a8d-e96e-4ca1-9234-8ab9ef13e28e.png', 26, '2023-12-29 22:58:53', NULL, 1, 4.5),
(124, 'FYT-20231229-021', 'Myprotein水解乳清蛋白粉', 3, 10, 1280, 46, '水解乳清蛋白粉具有超高的蛋白質含量（每餐份含 25.5 克蛋白質），同時讓蛋白質和氨基酸更容易被人體吸收利用，產生更多精益肌肉，從而增加肌肉質量。由於經過了快速消化加工處理，將蛋白質分解為更小顆粒，因此口感略帶一些苦味。', 'ec9e6cb0-7dcf-4209-8e13-9821bf41ac87.jpg', 54, '2023-12-29 23:00:23', NULL, 4, 4.5),
(125, 'FYT-20231229-022', '[美國 ON] 白金級水解乳清蛋白 (1.75磅/罐) 巧克力', 3, 10, 1639, 23, '這款水解乳清蛋白補充劑在美國Bodybuilding健身網站上蟬聯冠軍，成為所有品牌中的佼佼者。每份補充劑中含有8.8克的BCAA（支鏈氨基酸）和15.5克的必需氨基酸，提供全面而高效的氨基酸支持，有助於肌肉合成和修復。透過先進的水解技術，補充劑提升了蛋白質的消化速度與吸收率，確保身體能夠快速有效地吸收所需的營養成分。同時，它無乳糖、膽固醇和糖份，適合對這些成分敏感的人群。為了進一步提升蛋白質的利用效果，補充劑中還添加了消化酶，有助於更好地分解和吸收蛋白質。', '94973159-1dcd-42a9-9009-50d63f28538a.webp', 21, '2023-12-29 23:07:15', NULL, 3, 4.5),
(126, 'FYT-20231229-023', '[美國 ON] 白金級水解乳清蛋白 (3.5磅/罐) 巧克力', 3, 10, 2800, 23, '這款水解乳清蛋白補充劑在美國Bodybuilding健身網站上蟬聯冠軍，成為所有品牌中的佼佼者。每份補充劑中含有8.8克的BCAA（支鏈氨基酸）和15.5克的必需氨基酸，提供全面而高效的氨基酸支持，有助於肌肉合成和修復。透過先進的水解技術，補充劑提升了蛋白質的消化速度與吸收率，確保身體能夠快速有效地吸收所需的營養成分。同時，它無乳糖、膽固醇和糖份，適合對這些成分敏感的人群。為了進一步提升蛋白質的利用效果，補充劑中還添加了消化酶，有助於更好地分解和吸收蛋白質。', '9472cbba-d33c-4a33-86b2-b9c931033f8a.webp', 21, '2023-12-29 23:08:11', NULL, 3, 4.5),
(127, 'FYT-20231229-024', '[美國 ON] 白金級水解乳清蛋白 (1.75磅/罐) 香草', 3, 10, 1600, 45, '這款水解乳清蛋白補充劑在美國Bodybuilding健身網站上蟬聯冠軍，成為所有品牌中的佼佼者。每份補充劑中含有8.8克的BCAA（支鏈氨基酸）和15.5克的必需氨基酸，提供全面而高效的氨基酸支持，有助於肌肉合成和修復。透過先進的水解技術，補充劑提升了蛋白質的消化速度與吸收率，確保身體能夠快速有效地吸收所需的營養成分。同時，它無乳糖、膽固醇和糖份，適合對這些成分敏感的人群。為了進一步提升蛋白質的利用效果，補充劑中還添加了消化酶，有助於更好地分解和吸收蛋白質。', '88862b52-c179-420f-8af9-d9c83527f8c0.webp', 32, '2023-12-29 23:09:04', NULL, 3, 4.5),
(128, 'FYT-20231229-025', '[美國 ON] 白金級水解乳清蛋白 (3.5磅/罐) 香草', 3, 10, 2800, 21, '這款水解乳清蛋白補充劑在美國Bodybuilding健身網站上蟬聯冠軍，成為所有品牌中的佼佼者。每份補充劑中含有8.8克的BCAA（支鏈氨基酸）和15.5克的必需氨基酸，提供全面而高效的氨基酸支持，有助於肌肉合成和修復。透過先進的水解技術，補充劑提升了蛋白質的消化速度與吸收率，確保身體能夠快速有效地吸收所需的營養成分。同時，它無乳糖、膽固醇和糖份，適合對這些成分敏感的人群。為了進一步提升蛋白質的利用效果，補充劑中還添加了消化酶，有助於更好地分解和吸收蛋白質。', 'f3d19229-e363-4aa9-beb0-0ca5a9ee7f2b.webp', 33, '2023-12-29 23:10:08', NULL, 3, 4.5),
(129, 'FYT-20231231-001', '[MyProtein] 大豆分離蛋白粉', 3, 11, 830, 13, '大豆分離蛋白粉由 100% 非轉基因脫脂大豆製成，去除大豆大部分脂肪和碳水化合物。所得產物含超過 90% 蛋白質及最少脂肪與碳水化合物含量，並且完全不含乳糖。\n大豆分離蛋白是一種全新氨基酸模式，每 100 克含有 6.6 克亮氨酸。\n各類運動員和體育鍛煉者極佳的蛋白質飲品，幫助實現多種運動目標。高蛋白物質有助於肌肉的增長和保持。', 'e0e56e85-dab4-4da1-a59a-bf6f7d575f8e.jpg', 33, '2023-12-31 12:51:17', NULL, 4, 4.5),
(130, 'FYT-20231231-002', '[MyProtein] 豌豆分離蛋白粉', 3, 11, 830, 35, '豌豆分離蛋白粉是天然植物基礎蛋白質，可為人體提供一系列營養和氨基酸。不含麩質、乳糖、膽固醇和其他抗營養因子。豌豆分離蛋白粉是牛奶基礎蛋白質很好的替代產品，也是想要增加蛋白質攝入量的嚴格素食主義者理想選擇產品。大豆分離蛋白是一種全新氨基酸模式，每 100 克含有 6.6 克亮氨酸。\n豌豆分離蛋白粉可以為有特殊飲食限制的人群提供所需蛋白質。豌豆分離蛋白粉每次服用量中含 23 克蛋白質，有助於肌肉群的增長和保持同時它的脂肪含量很低。', '0f13986c-d71e-4ba5-8410-097363b4ee83.jpg', 32, '2023-12-31 12:52:25', NULL, 4, 4.5),
(131, 'FYT-20231231-003', '[MyProtein] 純素透明分離蛋白粉-青檸檬', 3, 11, 1380, 31, '我們的純素透明分離蛋白粉，不同於市場上任何其他純素蛋白粉。 這種獨特的、可完全溶解的植物蛋白，非常清爽順口，完美幫助您攝入一天所需的蛋白質。\n每份有 10 克蛋白質，有助於生長和維持重要的肌肉 - 無論你的健身目標如何，這一點都很重要。', '49e805ca-c4d6-48c6-9623-37c6d9e058b1.jpg', 16, '2023-12-31 12:53:33', NULL, 4, 4.5),
(132, 'FYT-20231231-004', '[MyProtein] 純素透明分離蛋白粉-可樂', 3, 11, 1380, 24, '我們的純素透明分離蛋白粉，不同於市場上任何其他純素蛋白粉。 這種獨特的、可完全溶解的植物蛋白，非常清爽順口，完美幫助您攝入一天所需的蛋白質。\n每份有 10 克蛋白質，有助於生長和維持重要的肌肉 - 無論你的健身目標如何，這一點都很重要。', '4ec73a21-a76f-4d68-a2e6-90a2e103134b.jpg', 31, '2023-12-31 12:54:04', NULL, 4, 4.5),
(133, 'FYT-20231231-005', '[樂維根] 優蛋白-鐵觀音(1kg)', 3, 11, 1380, 19, '全球首款全方位全素高纖高蛋白營養補充品，\n讓不運動的您也能輕鬆且安心地補充【蛋白質、益生菌、維生素、礦物質】\n幫助腸胃蠕動有效吸收蛋白質，促進調節身體各項功能，\n耗時兩年只為了做到最好。', '5a633f01-3544-430a-835b-cf35d92f95d2.jpg,f7a8278e-d913-4bb7-8ed7-d372b1a88a5e.jpg', 42, '2023-12-31 12:55:52', NULL, 7, 4.5),
(134, 'FYT-20231231-006', '[樂維根] 優蛋白-黑糖奶茶(1kg)', 3, 11, 990, 24, '全球首款全方位全素高纖高蛋白營養補充品，\n讓不運動的您也能輕鬆且安心地補充【蛋白質、益生菌、維生素、礦物質】\n幫助腸胃蠕動有效吸收蛋白質，促進調節身體各項功能，\n耗時兩年只為了做到最好。', '3957473f-18ba-4e4f-bfba-40ac03d51395.jpg,23dcc5b7-c159-4c09-a5b7-2045f9ccb310.jpg', 28, '2023-12-31 12:56:30', NULL, 7, 4.5),
(135, 'FYT-20231231-007', '[樂維根] 優蛋白-鴛鴦奶茶(1kg)', 3, 11, 990, 13, '全球首款全方位全素高纖高蛋白營養補充品，\n讓不運動的您也能輕鬆且安心地補充【蛋白質、益生菌、維生素、礦物質】\n幫助腸胃蠕動有效吸收蛋白質，促進調節身體各項功能，\n耗時兩年只為了做到最好。', 'b0754740-56e8-43c0-9d71-0b48cb4d3db3.jpg,1b8dbb44-65b0-472e-b725-db6b265e469d.jpg', 33, '2023-12-31 12:56:53', NULL, 7, 4.5),
(136, 'FYT-20231231-008', '[樂維根] 優蛋白-焦糖瑪其朵(1kg)', 3, 11, 990, 22, '全球首款全方位全素高纖高蛋白營養補充品，\n讓不運動的您也能輕鬆且安心地補充【蛋白質、益生菌、維生素、礦物質】\n幫助腸胃蠕動有效吸收蛋白質，促進調節身體各項功能，\n耗時兩年只為了做到最好。', '5b21c94a-824f-4449-8467-2e6b54b55d6e.jpg,a95a351a-a051-4d60-b360-ff700ffb3de2.jpg', 35, '2023-12-31 12:57:16', NULL, 7, 4.5),
(137, 'FYT-20231231-009', '[樂維根] 優蛋白-咖啡(1kg)', 3, 11, 990, 45, '全球首款全方位全素高纖高蛋白營養補充品，\n讓不運動的您也能輕鬆且安心地補充【蛋白質、益生菌、維生素、礦物質】\n幫助腸胃蠕動有效吸收蛋白質，促進調節身體各項功能，\n耗時兩年只為了做到最好。', '6ce5cbd6-caf4-4b91-89de-494ad0153b94.jpg,3b123a6a-14aa-4df1-b65e-56b15f37a971.jpg', 56, '2023-12-31 12:57:44', NULL, 7, 4.5),
(138, 'FYT-20231231-010', '[樂維根] 優蛋白-麵茶(1kg)', 3, 11, 990, 3, '全球首款全方位全素高纖高蛋白營養補充品，\n讓不運動的您也能輕鬆且安心地補充【蛋白質、益生菌、維生素、礦物質】\n幫助腸胃蠕動有效吸收蛋白質，促進調節身體各項功能，\n耗時兩年只為了做到最好。', '3a8ad275-0550-40db-9111-ec8db8414cab.jpg,8b8f2ea4-2b94-4871-ab67-4f3680f276ac.jpg', 12, '2023-12-31 12:58:14', NULL, 7, 4.5),
(139, 'FYT-20231231-011', '[樂維根] 優蛋白-巧克力(1kg)', 3, 11, 990, 22, '全球首款全方位全素高纖高蛋白營養補充品，\n讓不運動的您也能輕鬆且安心地補充【蛋白質、益生菌、維生素、礦物質】\n幫助腸胃蠕動有效吸收蛋白質，促進調節身體各項功能，\n耗時兩年只為了做到最好。', 'ee923f21-8bff-430f-ae36-377d66d98b14.jpg,70a85332-0fc0-4bc0-a8b9-d22a29db9616.jpg', 46, '2023-12-31 12:58:40', NULL, 7, 4.5),
(140, 'FYT-20231231-012', '[樂維根] 優蛋白-抹茶牛奶(1kg)', 3, 11, 990, 25, '全球首款全方位全素高纖高蛋白營養補充品，\n讓不運動的您也能輕鬆且安心地補充【蛋白質、益生菌、維生素、礦物質】\n幫助腸胃蠕動有效吸收蛋白質，促進調節身體各項功能，\n耗時兩年只為了做到最好。', 'b1b45b77-74a1-42c9-ac3f-9834c77cfef4.jpg,f50ae645-d80f-478d-b4fa-a4e2026c9d4c.jpg', 46, '2023-12-31 12:58:59', NULL, 7, 4.5),
(141, 'FYT-20231231-013', '[樂維根] 優蛋白-燕麥奶(1kg)', 3, 11, 990, 27, '全球首款全方位全素高纖高蛋白營養補充品，\n讓不運動的您也能輕鬆且安心地補充【蛋白質、益生菌、維生素、礦物質】\n幫助腸胃蠕動有效吸收蛋白質，促進調節身體各項功能，\n耗時兩年只為了做到最好。', '4c544149-9e29-4ba3-8be3-43448f965c9c.jpg,02490911-8ab9-49e5-8e29-b77826475282.jpg', 33, '2023-12-31 12:59:21', NULL, 7, 4.5),
(142, 'FYT-20231231-014', '[樂維根] 優蛋白-台灣芝麻(1kg)', 3, 11, 450, 2, '全球首款全方位全素高纖高蛋白營養補充品，\n讓不運動的您也能輕鬆且安心地補充【蛋白質、益生菌、維生素、礦物質】\n幫助腸胃蠕動有效吸收蛋白質，促進調節身體各項功能，\n耗時兩年只為了做到最好。', '2b74e6b9-4d84-42b4-8afc-905ab808329c.jpg,b1f823ab-88d2-458e-a8c4-9b1c4833c9c4.jpg', 45, '2023-12-31 12:59:50', NULL, 7, 4.5),
(143, 'FYT-20231231-015', '[MyProtein] 高蛋白布朗尼', 3, 11, 550, 45, '蛋白布朗尼是一款健康的高蛋白零食，由最高品質的可可和高級巧克力塊製成，具有難以抗拒的巧克力美味和香脆口感，外脆裡韌。每個布朗尼含高達 23 克蛋白質，而只含 4 克糖。除了紮實的口感和嚼勁，這款低糖高蛋白布朗尼比一般布朗尼少 75% 糖分，可以零罪惡感的享受美食。\n為了帶來更高層次的享受，何不嘗試搭配我們的全天然、零熱量的調味糖漿 MySyrupTM，以及我們極受歡迎的花生醬。\n蛋白布朗尼的高蛋白成分有助於促進瘦肌肉的生長，提高肌肉質量。', 'f04af6e0-8286-40e7-98f9-3a9cdb6c2475.jpg', 99, '2023-12-31 13:01:38', NULL, 4, 4.5),
(144, 'FYT-20231231-016', '[MyProtein] 高蛋白軟心餅乾', 3, 11, 380, 23, '帶有令人難以抗拒的巧克力焦糖內餡， 和巧克力塊以及麵團一起烘烤，你會很難相信這個罪惡的甜點富含蛋白質且低糖。', '0ce85b69-2b0e-43ad-a24a-7ba75c2ddbe4.jpg', 46, '2023-12-31 13:02:11', NULL, 4, 4.5),
(145, 'FYT-20231231-017', '[MyProtein]  高蛋白燕麥能量棒', 3, 11, 480, 54, '高蛋白燕麥能量棒是一款美味又營養的酥餅類零食，是普通燕麥棒的健康替代品，鬆脆酥軟，具有甜美的奶油香味。每餐份含有高達 20 克的蛋白質，在提供美味口感的同時滿足健康生活方式的營養需要。', '61ebf79d-a45e-416d-9c71-0ca5b9aa7826.jpg', 23, '2023-12-31 13:02:46', NULL, 4, 4.5),
(146, 'FYT-20231231-018', '[MyProtein] 高蛋白曲其餅乾', 3, 11, 280, 35, '高蛋白曲奇餅乾是一款口感極佳的烘焙餅乾，質感鬆軟酥脆，營養豐富，每個餅乾的蛋白質含​​量超過 50%，是目前我們的高蛋白零食產品中蛋白質含量最高的。由先進技術製作烘焙而成，這款美味軟曲奇的含糖量比普通曲奇餅乾少70% ，脂肪含量少40% ，是運動健身中補充營養的絕佳食品，適合各類運動從事者和健身人士服用，有助於達到訓練目標和優化健身效果。', '2817ef8a-40da-472b-a628-0fb357d03ce9.jpg', 46, '2023-12-31 13:03:23', NULL, 4, 4.5),
(147, 'FYT-20231231-019', '[MyProtein] 高蛋白迷你酥脆棒', 3, 11, 380, 36, '用牛奶巧克力和酥脆的威化餅製成，絕對可以滿足甜食欲望- 此外，蛋白質含量是市售類似產品的 2 倍以上，它們是您日常訓練的完美營養補充品。', '144dfb84-c1d1-49ce-b472-5dd68e3a3b39.jpg', 45, '2023-12-31 13:03:56', NULL, 4, 4.5),
(148, 'FYT-20231231-020', '[MyProtein] 多層酥脆高蛋白威化餅乾', 3, 11, 480, 31, 'Myprotein 多層酥脆高蛋白威化餅乾兼具美味、口感與營養，是您的完美選擇。\n美味酥脆且包裹於美味的巧克力中，濃郁的夾心對比額外的酥脆口感，富含蛋白質且低糖，是甜食慾來襲時的完美選擇，還能兼顧營養攝取。', 'ca4bb288-5c98-4987-9ade-567c6e6cceca.jpg', 39, '2023-12-31 13:04:36', NULL, 4, 4.5),
(149, 'FYT-20231231-021', '[台灣Tryall] 濃縮乳清蛋白-香醇可可(500g/袋)', 3, 10, 390, 34, '每份濃縮乳清 (25公克) 中約含 3.6 公克 BCAAs\n支鏈胺基酸黃金比例，白胺酸：異白胺酸：纈胺酸=2：1：1。先進製程技術，單純無添加，包留完整胺基酸，包裝內含湯匙 (4湯匙1份)，大包裝新口味上市，給你全台最新鮮的乳清。', '08b166c4-4f08-4643-b8c1-4edff2859131.webp', 26, '2023-12-31 22:45:08', NULL, 5, 4.5),
(150, 'FYT-20231231-022', '[台灣Tryall] 濃縮乳清蛋白-經典奶茶(500g/袋)', 3, 10, 390, 22, '每份濃縮乳清 (25公克) 中約含 3.6 公克 BCAAs\n支鏈胺基酸黃金比例，白胺酸：異白胺酸：纈胺酸=2：1：1。先進製程技術，單純無添加，包留完整胺基酸，包裝內含湯匙 (4湯匙1份)，大包裝新口味上市，給你全台最新鮮的乳清。', 'b031bf00-aede-4fff-89a6-43db62686779.webp', 38, '2023-12-31 22:45:30', NULL, 5, 4.5),
(151, 'FYT-20231231-023', '[台灣Tryall] 濃縮乳清蛋白-泰式奶茶(500g/袋)', 3, 10, 390, 46, '每份濃縮乳清 (25公克) 中約含 3.6 公克 BCAAs\n支鏈胺基酸黃金比例，白胺酸：異白胺酸：纈胺酸=2：1：1。先進製程技術，單純無添加，包留完整胺基酸，包裝內含湯匙 (4湯匙1份)，大包裝新口味上市，給你全台最新鮮的乳清。', '86d3d33e-b600-4b33-ab0b-8ccbd2623fc2.webp', 22, '2023-12-31 22:45:51', NULL, 5, 4.5),
(152, 'FYT-20231231-024', '[台灣Tryall] 濃縮乳清蛋白-蜂蜜牛奶(500g/袋)', 3, 10, 390, 19, '每份濃縮乳清 (25公克) 中約含 3.6 公克 BCAAs\n支鏈胺基酸黃金比例，白胺酸：異白胺酸：纈胺酸=2：1：1。先進製程技術，單純無添加，包留完整胺基酸，包裝內含湯匙 (4湯匙1份)，大包裝新口味上市，給你全台最新鮮的乳清。', 'dbc06628-dc3d-4aa7-90db-79f7addfa927.webp', 28, '2023-12-31 22:46:11', NULL, 5, 4.5),
(153, 'FYT-20231231-025', '[台灣Tryall] 濃縮乳清蛋白-芋頭牛奶(500g/袋)', 3, 10, 390, 6, '每份濃縮乳清 (25公克) 中約含 3.6 公克 BCAAs\n支鏈胺基酸黃金比例，白胺酸：異白胺酸：纈胺酸=2：1：1。先進製程技術，單純無添加，包留完整胺基酸，包裝內含湯匙 (4湯匙1份)，大包裝新口味上市，給你全台最新鮮的乳清。', '7767257d-e5a0-4c0e-9ec3-75bf5d853d2d.webp', 12, '2023-12-31 22:46:28', NULL, 5, 4.5),
(154, 'FYT-20231231-026', '[台灣Tryall] 濃縮乳清蛋白-摩卡可可(500g/袋)', 3, 10, 390, 21, '每份濃縮乳清 (25公克) 中約含 3.6 公克 BCAAs\n支鏈胺基酸黃金比例，白胺酸：異白胺酸：纈胺酸=2：1：1。先進製程技術，單純無添加，包留完整胺基酸，包裝內含湯匙 (4湯匙1份)，大包裝新口味上市，給你全台最新鮮的乳清。', 'bb678db2-e596-480f-977d-a3fca0942147.webp', 16, '2023-12-31 22:46:52', NULL, 5, 4.5),
(155, 'FYT-20231231-027', '[台灣Tryall] 濃縮乳清蛋白-黑糖奶茶(500g/袋)', 3, 10, 390, 55, '每份濃縮乳清 (25公克) 中約含 3.6 公克 BCAAs\n支鏈胺基酸黃金比例，白胺酸：異白胺酸：纈胺酸=2：1：1。先進製程技術，單純無添加，包留完整胺基酸，包裝內含湯匙 (4湯匙1份)，大包裝新口味上市，給你全台最新鮮的乳清。', '212546ad-d1bf-4ba8-8238-efab64d991c1.webp', 2, '2023-12-31 22:47:19', NULL, 5, 4.5),
(156, 'FYT-20231231-028', '[美國ON] 金牌乳清蛋白-雙倍巧克力 (5磅/罐)', 3, 10, 2500, 20, '蟬聯十年「最好喝」乳清蛋白，網友一致極推 \n分離乳清含量高的複合蛋白，輕微乳糖不耐適用\n含有頂級乳清蛋白胜肽，幫助更快速吸收\n每一份含24g蛋白質，僅有1g微量（低脂）、含5.5 g BCAA，4g的谷氨酰胺麩醯胺酸\nON部份商品包裝會有新/舊差異，此為原廠包裝政策，所有商品皆為新品', 'aef7f6b9-229b-4858-bdf5-15e830565b6a.jpg', 54, '2023-12-31 22:49:10', NULL, 3, 4.5),
(157, 'FYT-20231231-029', '[美國ON] 金牌乳清蛋白-草莓 (5磅/罐)', 3, 10, 2500, 24, '蟬聯十年「最好喝」乳清蛋白，網友一致極推 \n分離乳清含量高的複合蛋白，輕微乳糖不耐適用\n含有頂級乳清蛋白胜肽，幫助更快速吸收\n每一份含24g蛋白質，僅有1g微量（低脂）、含5.5 g BCAA，4g的谷氨酰胺麩醯胺酸\nON部份商品包裝會有新/舊差異，此為原廠包裝政策，所有商品皆為新品', '7ff18c34-06d2-47d3-b4bb-22a9c0b9f08b.jpg', 32, '2023-12-31 22:49:31', NULL, 3, 4.5),
(158, 'FYT-20231231-030', '[美國ON] 金牌乳清蛋白-牛奶巧克力 (5磅/罐)', 3, 10, 2500, 23, '蟬聯十年「最好喝」乳清蛋白，網友一致極推 \n分離乳清含量高的複合蛋白，輕微乳糖不耐適用\n含有頂級乳清蛋白胜肽，幫助更快速吸收\n每一份含24g蛋白質，僅有1g微量（低脂）、含5.5 g BCAA，4g的谷氨酰胺麩醯胺酸\nON部份商品包裝會有新/舊差異，此為原廠包裝政策，所有商品皆為新品', '22d8ea8c-4966-4ba9-ae2e-a7f841db676a.jpg', 22, '2023-12-31 22:49:53', NULL, 3, 4.5),
(159, 'FYT-20231231-031', '[美國ON] 金牌乳清蛋白-香草冰淇淋 (5磅/罐)', 3, 10, 2500, 16, '蟬聯十年「最好喝」乳清蛋白，網友一致極推 \n分離乳清含量高的複合蛋白，輕微乳糖不耐適用\n含有頂級乳清蛋白胜肽，幫助更快速吸收\n每一份含24g蛋白質，僅有1g微量（低脂）、含5.5 g BCAA，4g的谷氨酰胺麩醯胺酸\nON部份商品包裝會有新/舊差異，此為原廠包裝政策，所有商品皆為新品', '3289b0e3-de3b-413d-89df-c98483c7927c.jpg', 14, '2023-12-31 22:50:13', NULL, 3, 4.5),
(160, 'FYT-20231231-032', '[果果堅果] 乳清蛋白-楊枝甘露(1kg/包)', 3, 10, 800, 13, '1. 每份含有18克蛋白質、本包裝含40份\n 2. 採用紐西蘭優質乳清蛋白\n 3. 營養吸收快、奶味較香濃、容易溶解 \n4. 富含BCAA及所需胺基酸，有助於肌肉修復即增加肌肉 \n5. 添加水溶性纖維，有助維持消化道機能，促進體內益生菌生長', 'f76dbb44-0352-4f43-8e8c-ad408f6838cc.png,2b651277-4734-4f1f-a300-ea1702ac6648.png', 7, '2023-12-31 22:53:25', NULL, 2, 4.5),
(161, 'FYT-20231231-033', '[果果堅果] 乳清蛋白-好事花生(1kg/包)', 3, 10, 800, 21, '1. 每份含有18克蛋白質、本包裝含40份\n 2. 採用紐西蘭優質乳清蛋白\n 3. 營養吸收快、奶味較香濃、容易溶解 \n4. 富含BCAA及所需胺基酸，有助於肌肉修復即增加肌肉 \n5. 添加水溶性纖維，有助維持消化道機能，促進體內益生菌生長', 'd7ad0cbb-1e56-4081-9c71-567d4140daf3.png,fba396e1-acc6-4bd1-a977-6158972824b1.png', 25, '2023-12-31 22:53:46', NULL, 2, 4.5),
(162, 'FYT-20231231-034', '[果果堅果] 乳清蛋白-夏日椰椰(1kg/包)', 3, 10, 800, 30, '1. 每份含有18克蛋白質、本包裝含40份\n 2. 採用紐西蘭優質乳清蛋白\n 3. 營養吸收快、奶味較香濃、容易溶解 \n4. 富含BCAA及所需胺基酸，有助於肌肉修復即增加肌肉 \n5. 添加水溶性纖維，有助維持消化道機能，促進體內益生菌生長', 'b610bff5-aece-4b48-8179-eac388ee769b.png,a4bb0dd9-3008-4470-a4c9-ce309ec53e90.png', 27, '2023-12-31 22:54:07', NULL, 2, 4.5),
(163, 'FYT-20231231-035', '[果果堅果] 乳清蛋白-鴛鴦奶茶(1kg/包)', 3, 10, 800, 18, '1. 每份含有18克蛋白質、本包裝含40份\n 2. 採用紐西蘭優質乳清蛋白\n 3. 營養吸收快、奶味較香濃、容易溶解 \n4. 富含BCAA及所需胺基酸，有助於肌肉修復即增加肌肉 \n5. 添加水溶性纖維，有助維持消化道機能，促進體內益生菌生長', 'c3c52b3e-5a61-47c3-ab44-b4eadb354ba0.png,5e243cc0-1695-4fce-a8f2-489ca869d128.png', 20, '2023-12-31 22:54:34', NULL, 2, 4.5);
INSERT INTO `product` (`sid`, `product_id`, `name`, `main_category`, `sub_category`, `product_price`, `stock`, `descriptions`, `imgs`, `purchase_qty`, `create_at`, `size`, `brand_id`, `score`) VALUES
(164, 'FYT-20231231-036', '[果果堅果] 乳清蛋白-泰式奶茶(1kg/包)', 3, 10, 800, 33, '1. 每份含有18克蛋白質、本包裝含40份\n 2. 採用紐西蘭優質乳清蛋白\n 3. 營養吸收快、奶味較香濃、容易溶解 \n4. 富含BCAA及所需胺基酸，有助於肌肉修復即增加肌肉 \n5. 添加水溶性纖維，有助維持消化道機能，促進體內益生菌生長', '59248b38-9852-4481-9a0b-06800bf62c98.png,b0b97ff9-1041-434b-992a-0a847b904ec5.png', 28, '2023-12-31 22:54:53', NULL, 2, 4.5),
(165, 'FYT-20231231-037', '[果果堅果] 乳清蛋白-紫薯芋泥(1kg/包)', 3, 10, 800, 36, '1. 每份含有18克蛋白質、本包裝含40份\n 2. 採用紐西蘭優質乳清蛋白\n 3. 營養吸收快、奶味較香濃、容易溶解 \n4. 富含BCAA及所需胺基酸，有助於肌肉修復即增加肌肉 \n5. 添加水溶性纖維，有助維持消化道機能，促進體內益生菌生長', '4fc17619-6704-43b0-b078-9e1eca27496c.png,401cd10c-c9de-4108-9fbb-4df0b04c4358.png', 42, '2023-12-31 22:55:15', NULL, 2, 4.5),
(166, 'FYT-20231231-038', '[果果堅果] 乳清蛋白-焦糖瑪奇朵(1kg/包)', 3, 10, 800, 39, '1. 每份含有18克蛋白質、本包裝含40份\n 2. 採用紐西蘭優質乳清蛋白\n 3. 營養吸收快、奶味較香濃、容易溶解 \n4. 富含BCAA及所需胺基酸，有助於肌肉修復即增加肌肉 \n5. 添加水溶性纖維，有助維持消化道機能，促進體內益生菌生長', '7492ba8b-a58d-4251-9747-2b7d32cbc5fc.png,f7ef842e-9a8c-4d37-95ca-68ddbd061b3b.png', 13, '2023-12-31 22:55:40', NULL, 2, 4.5),
(167, 'FYT-20231231-039', '[果果堅果] 乳清蛋白-紅豆牛奶(1kg/包)', 3, 10, 800, 42, '1. 每份含有18克蛋白質、本包裝含40份\n 2. 採用紐西蘭優質乳清蛋白\n 3. 營養吸收快、奶味較香濃、容易溶解 \n4. 富含BCAA及所需胺基酸，有助於肌肉修復即增加肌肉 \n5. 添加水溶性纖維，有助維持消化道機能，促進體內益生菌生長', '2823434a-eeab-4133-8acb-17440c6c2693.png,0cc96daf-f495-427b-8afb-956054114603.png', 22, '2023-12-31 22:56:12', NULL, 2, 4.5),
(168, 'FYT-20231231-040', '[果果堅果] 乳清蛋白-烏龍奶茶(1kg/包)', 3, 10, 800, 31, '1. 每份含有18克蛋白質、本包裝含40份\n 2. 採用紐西蘭優質乳清蛋白\n 3. 營養吸收快、奶味較香濃、容易溶解 \n4. 富含BCAA及所需胺基酸，有助於肌肉修復即增加肌肉 \n5. 添加水溶性纖維，有助維持消化道機能，促進體內益生菌生長', '643f3cfa-4976-422a-91dd-e756f5d7aef9.png,e07b6321-555b-449b-93cb-c33ad9fc7ebc.png', 33, '2023-12-31 22:56:38', NULL, 2, 4.5),
(169, 'FYT-20231231-041', '[果果堅果] 乳清蛋白-冬瓜鮮奶(1kg/包)', 3, 10, 800, 14, '1. 每份含有18克蛋白質、本包裝含40份\n 2. 採用紐西蘭優質乳清蛋白\n 3. 營養吸收快、奶味較香濃、容易溶解 \n4. 富含BCAA及所需胺基酸，有助於肌肉修復即增加肌肉 \n5. 添加水溶性纖維，有助維持消化道機能，促進體內益生菌生長', '46b5c958-1c97-43cd-a7db-e10686043b1c.png,e0704bb8-a3bb-49f3-b1d5-e406b9bcdbe3.png', 10, '2023-12-31 22:56:58', NULL, 2, 4.5),
(170, 'FYT-20231231-042', '[ALLIN] 分離乳清蛋白-焦糖海鹽', 3, 10, 2400, 14, 'ALLIN乳清的100%分離乳清，脂肪、碳水含量低於其他乳清蛋白粉。 分離乳清幾乎零乳糖含量。 低熱量：每份卡路里只要139大卡。 高蛋白：每份蛋白質28公克。 蛋白質有助於組織的修復，為肌肉合成的來源之一，搭配阻力訓練可用於肌肉生長。 含有豐富的BCAA（支鏈胺基酸）及微量礦物質、維生素添加，讓多元的營養素集於一份乳清上。', '9224c8ed-9e75-466a-bd85-c54cdfe5ba62.jpg,e4c45cfc-881a-4b6b-8e52-a64b07eee7d1.jpg', 16, '2023-12-31 23:00:34', NULL, 6, 4.5),
(171, 'FYT-20231231-043', '[ALLIN] 分離乳清蛋白-白桃烏龍', 3, 10, 2400, 10, 'ALLIN乳清的100%分離乳清，脂肪、碳水含量低於其他乳清蛋白粉。 分離乳清幾乎零乳糖含量。 低熱量：每份卡路里只要139大卡。 高蛋白：每份蛋白質28公克。 蛋白質有助於組織的修復，為肌肉合成的來源之一，搭配阻力訓練可用於肌肉生長。 含有豐富的BCAA（支鏈胺基酸）及微量礦物質、維生素添加，讓多元的營養素集於一份乳清上。', '2a1628b8-4a51-4009-8683-cb0c0d34d79e.jpg,26c08422-80c8-42f7-bcdc-d27a708cf34c.jpg', 21, '2023-12-31 23:01:26', NULL, 6, 4.5),
(172, 'FYT-20231231-044', '[ALLIN] 分離乳清蛋白-木瓜牛奶', 3, 10, 2400, 29, 'ALLIN乳清的100%分離乳清，脂肪、碳水含量低於其他乳清蛋白粉。 分離乳清幾乎零乳糖含量。 低熱量：每份卡路里只要139大卡。 高蛋白：每份蛋白質28公克。 蛋白質有助於組織的修復，為肌肉合成的來源之一，搭配阻力訓練可用於肌肉生長。 含有豐富的BCAA（支鏈胺基酸）及微量礦物質、維生素添加，讓多元的營養素集於一份乳清上。', 'af09cc20-e882-41ae-8a11-484b659d6dca.jpg,a1928947-bd00-4dc1-952b-bb89a6ed510c.jpg', 26, '2023-12-31 23:01:56', NULL, 6, 4.5),
(173, 'FYT-20231231-045', '[ALLIN] 分離乳清蛋白-芝麻牛奶', 3, 10, 2400, 32, 'ALLIN乳清的100%分離乳清，脂肪、碳水含量低於其他乳清蛋白粉。 分離乳清幾乎零乳糖含量。 低熱量：每份卡路里只要139大卡。 高蛋白：每份蛋白質28公克。 蛋白質有助於組織的修復，為肌肉合成的來源之一，搭配阻力訓練可用於肌肉生長。 含有豐富的BCAA（支鏈胺基酸）及微量礦物質、維生素添加，讓多元的營養素集於一份乳清上。', '96e4c066-6e25-45e6-9fe9-a3e2078ee911.jpg,88d9fe00-62d0-465a-bb6b-b362407fc3b2.jpg', 26, '2023-12-31 23:02:36', NULL, 6, 4.5),
(174, 'FYT-20231231-046', '[ALLIN] 分離乳清蛋白-無調味', 3, 10, 2400, 30, 'ALLIN乳清的100%分離乳清，脂肪、碳水含量低於其他乳清蛋白粉。 分離乳清幾乎零乳糖含量。 低熱量：每份卡路里只要139大卡。 高蛋白：每份蛋白質28公克。 蛋白質有助於組織的修復，為肌肉合成的來源之一，搭配阻力訓練可用於肌肉生長。 含有豐富的BCAA（支鏈胺基酸）及微量礦物質、維生素添加，讓多元的營養素集於一份乳清上。', 'a0fcf99c-6a5e-4966-a334-cd80ad5335ce.jpg,4f12fa68-bccf-4a80-8d9f-1c609e9c1c27.jpg', 27, '2023-12-31 23:03:12', NULL, 6, 4.5),
(175, 'FYT-20231231-047', '[ALLIN] 分離乳清蛋白-麥芽牛奶', 3, 10, 2400, 37, 'ALLIN乳清的100%分離乳清，脂肪、碳水含量低於其他乳清蛋白粉。 分離乳清幾乎零乳糖含量。 低熱量：每份卡路里只要139大卡。 高蛋白：每份蛋白質28公克。 蛋白質有助於組織的修復，為肌肉合成的來源之一，搭配阻力訓練可用於肌肉生長。 含有豐富的BCAA（支鏈胺基酸）及微量礦物質、維生素添加，讓多元的營養素集於一份乳清上。', 'f3e49d2e-5b3b-4fab-a28b-8f3b8400b2c7.jpg,f5e42465-1129-41c6-a1e9-2874e2b4db37.jpg', 19, '2023-12-31 23:04:23', NULL, 6, 4.5),
(176, 'FYT-20231231-048', '[ALLIN] 分離乳清蛋白-抹茶', 3, 10, 2400, 45, 'ALLIN乳清的100%分離乳清，脂肪、碳水含量低於其他乳清蛋白粉。 分離乳清幾乎零乳糖含量。 低熱量：每份卡路里只要139大卡。 高蛋白：每份蛋白質28公克。 蛋白質有助於組織的修復，為肌肉合成的來源之一，搭配阻力訓練可用於肌肉生長。 含有豐富的BCAA（支鏈胺基酸）及微量礦物質、維生素添加，讓多元的營養素集於一份乳清上。', '9a56a153-dfff-44a7-9517-6edb412ae054.jpg,429eea92-e79e-40d2-86bc-9ff7035d809e.jpg', 23, '2023-12-31 23:05:00', NULL, 6, 4.5),
(177, 'FYT-20231231-049', '[ALLIN] 分離乳清蛋白-奶茶', 3, 10, 2400, 26, 'ALLIN乳清的100%分離乳清，脂肪、碳水含量低於其他乳清蛋白粉。 分離乳清幾乎零乳糖含量。 低熱量：每份卡路里只要139大卡。 高蛋白：每份蛋白質28公克。 蛋白質有助於組織的修復，為肌肉合成的來源之一，搭配阻力訓練可用於肌肉生長。 含有豐富的BCAA（支鏈胺基酸）及微量礦物質、維生素添加，讓多元的營養素集於一份乳清上。', '14316c02-7c58-42a5-ac15-b26cec8b482f.jpg,c46203bf-a378-4c89-852f-226939c9924d.jpg', 12, '2023-12-31 23:05:34', NULL, 6, 4.5),
(178, 'FYT-20231231-050', '[ALLIN] 分離乳清蛋白-草莓牛奶', 3, 10, 2400, 20, 'ALLIN乳清的100%分離乳清，脂肪、碳水含量低於其他乳清蛋白粉。 分離乳清幾乎零乳糖含量。 低熱量：每份卡路里只要139大卡。 高蛋白：每份蛋白質28公克。 蛋白質有助於組織的修復，為肌肉合成的來源之一，搭配阻力訓練可用於肌肉生長。 含有豐富的BCAA（支鏈胺基酸）及微量礦物質、維生素添加，讓多元的營養素集於一份乳清上。', 'b393210e-6097-4350-a358-492ea1278702.jpg,803ebda9-7ad4-4483-9c18-d12583731145.jpg', 21, '2023-12-31 23:05:59', NULL, 6, 4.5),
(179, 'FYT-20231231-051', '[ALLIN] 分離乳清蛋白-乳酸', 3, 10, 2400, 34, 'ALLIN乳清的100%分離乳清，脂肪、碳水含量低於其他乳清蛋白粉。 分離乳清幾乎零乳糖含量。 低熱量：每份卡路里只要139大卡。 高蛋白：每份蛋白質28公克。 蛋白質有助於組織的修復，為肌肉合成的來源之一，搭配阻力訓練可用於肌肉生長。 含有豐富的BCAA（支鏈胺基酸）及微量礦物質、維生素添加，讓多元的營養素集於一份乳清上。', 'ccdc59c7-e940-4d60-9e5c-aa5bd407b596.jpg,0ce44420-c643-4615-9483-37381cde41c8.jpg', 29, '2023-12-31 23:06:32', NULL, 6, 4.5),
(180, 'FYT-20231231-052', '[ALLIN] 分離乳清蛋白-花生芝麻', 3, 10, 2400, 21, 'ALLIN乳清的100%分離乳清，脂肪、碳水含量低於其他乳清蛋白粉。 分離乳清幾乎零乳糖含量。 低熱量：每份卡路里只要139大卡。 高蛋白：每份蛋白質28公克。 蛋白質有助於組織的修復，為肌肉合成的來源之一，搭配阻力訓練可用於肌肉生長。 含有豐富的BCAA（支鏈胺基酸）及微量礦物質、維生素添加，讓多元的營養素集於一份乳清上。', '3db2dc46-256b-42a5-b857-be72e2f1727c.jpg,eca476a3-4b8c-4532-b4d1-e8aeb6dd7c17.jpg', 39, '2023-12-31 23:07:10', NULL, 6, 4.5),
(181, 'FYT-20231231-053', '[ALLIN] 分離乳清蛋白-巧克力', 3, 10, 2400, 28, 'ALLIN乳清的100%分離乳清，脂肪、碳水含量低於其他乳清蛋白粉。 分離乳清幾乎零乳糖含量。 低熱量：每份卡路里只要139大卡。 高蛋白：每份蛋白質28公克。 蛋白質有助於組織的修復，為肌肉合成的來源之一，搭配阻力訓練可用於肌肉生長。 含有豐富的BCAA（支鏈胺基酸）及微量礦物質、維生素添加，讓多元的營養素集於一份乳清上。', '5aa3ea07-daf7-4af8-9b9b-25153861276e.jpg,0d984784-6634-45c3-8f06-5b4cc7949c54.jpg', 32, '2023-12-31 23:07:36', NULL, 6, 4.5),
(182, 'FYT-20231231-054', '[ALLIN] 分離乳清蛋白-芋頭牛奶', 3, 10, 2400, 45, 'ALLIN乳清的100%分離乳清，脂肪、碳水含量低於其他乳清蛋白粉。 分離乳清幾乎零乳糖含量。 低熱量：每份卡路里只要139大卡。 高蛋白：每份蛋白質28公克。 蛋白質有助於組織的修復，為肌肉合成的來源之一，搭配阻力訓練可用於肌肉生長。 含有豐富的BCAA（支鏈胺基酸）及微量礦物質、維生素添加，讓多元的營養素集於一份乳清上。', '8c4f05cf-3b12-4927-8e23-5b944b068654.jpg,fd3c3a6b-061f-46d6-804d-8e6c16022854.jpg', 56, '2023-12-31 23:08:09', NULL, 6, 4.5);

-- --------------------------------------------------------

--
-- 資料表結構 `product_category`
--

CREATE TABLE `product_category` (
  `category_sid` int(11) NOT NULL,
  `category_name` varchar(255) NOT NULL,
  `parent_sid` int(11) DEFAULT NULL
) ENGINE=InnoDB DEFAULT CHARSET=utf8mb4 COLLATE=utf8mb4_general_ci;

--
-- 傾印資料表的資料 `product_category`
--

INSERT INTO `product_category` (`category_sid`, `category_name`, `parent_sid`) VALUES
(1, '健身器材及裝備 Equipment', NULL),
(2, '健身服飾 Clothing', NULL),
(3, '健身食品 Healthy Food', NULL),
(4, '重訓器材', 1),
(5, '有氧訓練', 1),
(6, '筋膜放鬆', 1),
(7, '其他器材及裝備', 1),
(8, '上身類', 2),
(9, '下身類', 2),
(10, '乳清類', 3),
(11, '其他健身食品', 3);

-- --------------------------------------------------------

--
-- 資料表結構 `product_collection`
--

CREATE TABLE `product_collection` (
  `collection_id` int(11) NOT NULL,
  `member_id` int(11) NOT NULL,
  `product_sid` int(11) NOT NULL
) ENGINE=InnoDB DEFAULT CHARSET=utf8mb4 COLLATE=utf8mb4_general_ci;

--
-- 傾印資料表的資料 `product_collection`
--

INSERT INTO `product_collection` (`collection_id`, `member_id`, `product_sid`) VALUES
(5, 56, 128),
(17, 56, 2),
(23, 56, 105),
(25, 56, 110),
(30, 56, 112),
(38, 56, 108),
(39, 56, 33),
(44, 56, 6),
(45, 56, 34),
(50, 56, 50),
(57, 56, 28),
(58, 56, 60);

-- --------------------------------------------------------

--
-- 資料表結構 `product_comment`
--

CREATE TABLE `product_comment` (
  `comment_id` int(11) NOT NULL,
  `product_id` varchar(255) NOT NULL,
  `member_id` int(11) NOT NULL,
  `purchase_order_id` varchar(255) NOT NULL,
  `score` decimal(10,1) NOT NULL,
  `comment` varchar(255) DEFAULT NULL,
  `create_at` datetime NOT NULL
) ENGINE=InnoDB DEFAULT CHARSET=utf8mb4 COLLATE=utf8mb4_general_ci;

--
-- 傾印資料表的資料 `product_comment`
--

INSERT INTO `product_comment` (`comment_id`, `product_id`, `member_id`, `purchase_order_id`, `score`, `comment`, `create_at`) VALUES
(1, 'FYT-20231209-010', 3, '66ce0d34-0247-4e7c-9bb7-f1698f5b70f9', 5.0, '使用效果非常好! ', '2024-01-05 22:51:31'),
(2, 'FYT-20231209-010', 3, '66ce0d34-0247-4e7c-9bb7-f1698f5b70f9', 5.0, '使用效果非常好! ', '2024-01-05 22:51:42'),
(19, 'FYT-20231209-019', 56, '04e3e8ee8ba146648f3193c859749cb3', 4.5, '色彩繽紛，很值得購買～', '2024-01-17 15:45:14'),
(20, 'FYT-20231209-007', 56, '0edf4d8ea49245eab8ff36e8b67f2de4', 5.0, '效果一極棒！！', '2024-01-17 16:23:31'),
(21, 'FYT-20231209-025', 51, 'e0f30b684d8f4b2e9e2400fc833b0270', 5.0, '這個10合1拉力器組合裝真的是物超所值！不僅僅可以實現多種不同的訓練方式，而且質量也非常穩固。', '2024-01-17 22:35:26'),
(22, 'FYT-20231210-023', 51, 'e0f30b684d8f4b2e9e2400fc833b0270', 4.5, '這個競技壺鈴真的是我的愛物之一！紅色的外觀非常吸引眼球，而且質量十分穩定，手感也很好。', '2024-01-17 22:36:16'),
(23, 'FYT-20231210-032', 51, 'e0f30b684d8f4b2e9e2400fc833b0270', 4.0, '設計寬肩的部分讓我的動作更加靈活，而且背心的合身度也很好，完美展現肌肉線條。', '2024-01-17 22:37:08'),
(24, 'FYT-20231229-005', 51, 'e0f30b684d8f4b2e9e2400fc833b0270', 4.5, '方便攜帶的包裝讓我可以隨時隨地補充蛋白質，而且海鹽焦糖的味道真的很特別，讓我愛不釋手。', '2024-01-17 22:37:45'),
(25, 'FYT-20231209-025', 57, 'a1889fa15cb84ab2991d83f13dd733b4', 4.5, '各種不同的拉力設置讓我可以針對不同的肌肉進行訓練，而且使用起來非常安全穩定。強烈推薦給所有喜歡居家運動的朋友。', '2024-01-18 09:55:12'),
(26, 'FYT-20231210-023', 57, 'a1889fa15cb84ab2991d83f13dd733b4', 5.0, '這個8kg的競技壺鈴真的是我的健身必備品！。使用時的手感很舒適，適合不同程度的訓練需求。', '2024-01-18 09:55:51'),
(27, 'FYT-20231210-032', 57, 'a1889fa15cb84ab2991d83f13dd733b4', 4.5, '穿上它去健身，感覺非常涼爽，而且抗菌功能確保了長時間的使用不會產生異味。', '2024-01-18 09:56:17'),
(28, 'FYT-20231229-005', 57, 'a1889fa15cb84ab2991d83f13dd733b4', 5.0, '我的健康零食首選！方便攜帶的包裝讓我可以隨時隨地補充蛋白質，而且海鹽焦糖的味道真的很特別，家人都很喜歡！', '2024-01-18 09:56:51'),
(29, 'FYT-20231210-023', 54, '1bf78b7337084e05a57232e298aee124', 5.0, '這個8kg的競技壺鈴真的是我的健身好夥伴！手感極佳！', '2024-01-18 10:00:29'),
(30, 'FYT-20231229-005', 54, '1bf78b7337084e05a57232e298aee124', 2.0, '對我來說味道太過甜膩，讓我無法持續享受。', '2024-01-18 10:03:22'),
(31, 'FYT-20231209-025', 53, '0e6d9396a73044a49cc050da14a54319', 4.0, '耐用性好，多種搭配，每次健身都不無聊。', '2024-01-18 10:04:48'),
(32, 'FYT-20231229-005', 53, '0e6d9396a73044a49cc050da14a54319', 4.0, '味道滿奇特的，下次試試看別的口味。', '2024-01-18 10:05:24'),
(33, 'FYT-20231210-059', 58, '599cfad92fe848128d7f0e9db35633c2', 3.5, '出貨速度快但材質不符合預期QQ', '2024-01-18 10:18:14'),
(34, 'FYT-20231209-025', 58, '599cfad92fe848128d7f0e9db35633c2', 5.0, 'CP值超高，真的是人人都要有一組！！！', '2024-01-18 10:18:57'),
(35, 'FYT-20231210-023', 59, '25a30b5f1f87461b852dc25579345a0c', 4.0, '買錯重量，意外發現手感挺好', '2024-01-18 10:23:34'),
(36, 'FYT-20231210-032', 59, '25a30b5f1f87461b852dc25579345a0c', 5.0, '材質親膚，每次運動都穿它', '2024-01-18 10:24:09'),
(37, 'FYT-20231229-005', 59, '25a30b5f1f87461b852dc25579345a0c', 5.0, '方便的包裝讓我可以輕鬆攜帶，而且味道非常好。海鹽焦糖的口感讓整個補充蛋白質的體驗更加愉悅。', '2024-01-18 10:24:32'),
(38, 'FYT-20231209-025', 59, '25a30b5f1f87461b852dc25579345a0c', 4.5, '組裝起來非常簡單，而且可以實現多樣化的運動。不管是想要增加肌肉質量還是提高柔軟度，都可以在家輕鬆實現。', '2024-01-18 10:25:01'),
(39, 'FYT-20231210-032', 60, '2fad3e66e58242dab75469c67ff048b1', 5.0, '寬肩的背心設計非常貼身，不影響動作的靈活度', '2024-01-18 10:29:33'),
(40, 'FYT-20231210-023', 60, '2fad3e66e58242dab75469c67ff048b1', 5.0, '使用起來非常穩定，重量分配也恰到好處。上次在朋友家用就很喜歡，馬上手刀購買！', '2024-01-18 10:31:43'),
(46, 'FYT-20231210-059', 52, '1fa49fd4d2f64fea83d0d1ee473b2b71', 5.0, '收到直接變我的新寵！！！', '2024-01-18 10:39:32'),
(47, 'FYT-20231229-005', 52, '1fa49fd4d2f64fea83d0d1ee473b2b71', 4.0, '還是比較喜歡香蕉牛奶味的～', '2024-01-18 10:40:08'),
(48, 'FYT-20231209-025', 52, '1fa49fd4d2f64fea83d0d1ee473b2b71', 5.0, '教練推薦的準沒錯！！', '2024-01-18 10:40:39'),
(49, 'FYT-20231210-023', 52, '1fa49fd4d2f64fea83d0d1ee473b2b71', 5.0, '紅色的外觀非常吸引眼球，而且質量十分穩定，手感也很好。', '2024-01-18 10:41:26'),
(50, 'FYT-20231229-005', 60, '2fad3e66e58242dab75469c67ff048b1', 5.0, '每個小包裝都很適合隨身攜帶，而且味道非常好。海鹽焦糖的風味絕對是我喜歡的口味之一', '2024-01-18 10:43:11'),
(51, 'FYT-20231209-025', 60, '2fad3e66e58242dab75469c67ff048b1', 5.0, '不管是想要增加肌肉質量還是提高柔軟度，都可以在家輕鬆實現。強烈推薦給所有健身愛好者！CP值很高', '2024-01-18 10:43:47'),
(52, 'FYT-20231210-023', 58, '599cfad92fe848128d7f0e9db35633c2', 4.5, '很快就到貨，但是重量對我來說太重了，初學者適合買輕一點的QQ', '2024-01-18 10:56:25'),
(53, 'FYT-20231229-005', 58, '599cfad92fe848128d7f0e9db35633c2', 5.0, '超級喜歡海鹽焦糖，毫不猶豫直接下訂！！', '2024-01-18 10:56:57'),
(54, 'FYT-20231210-023', 53, '0e6d9396a73044a49cc050da14a54319', 5.0, '我們健身社團直接全重量包色帶走，裡面最喜歡紅色的，質量十分穩定！', '2024-01-18 10:59:12'),
(55, 'FYT-20231210-032', 53, '0e6d9396a73044a49cc050da14a54319', 5.0, '除了具有抗菌功能，它的寬肩設計也讓我在訓練中感到更加舒適。材質透氣，不黏身，非常適合長時間的運動。', '2024-01-18 10:59:30'),
(56, 'FYT-20231210-059', 54, '1bf78b7337084e05a57232e298aee124', 5.0, '質料透氣，不黏身，而且側口袋的設計實在是太貼心了。不論是在健身房還是戶外運動，都能夠帶來極大的方便。', '2024-01-18 11:02:21'),
(57, 'FYT-20231209-025', 54, '1bf78b7337084e05a57232e298aee124', 4.5, '教練推薦的商品，不買怎麼行！真的非常多功能，可以根據自己的狀況調整！', '2024-01-18 11:03:02'),
(58, 'FYT-20231209-028', 56, '59d2b116b8de4ebb9f57992a3d99c459', 4.0, '讚', '2024-01-19 10:04:14');

-- --------------------------------------------------------

--
-- 資料表結構 `purchase_order`
--

CREATE TABLE `purchase_order` (
  `sid` int(11) NOT NULL,
  `purchase_order_id` varchar(255) NOT NULL,
  `member_id` varchar(255) NOT NULL,
  `recipient` varchar(255) NOT NULL,
  `recipient_mobile` varchar(15) NOT NULL,
  `store_id` int(11) NOT NULL,
  `shipping_method` varchar(255) NOT NULL,
  `shipping_fee` int(11) NOT NULL,
  `total_amount` int(11) NOT NULL,
  `payment_method` varchar(255) NOT NULL,
  `payment_status` varchar(255) NOT NULL,
  `status` varchar(255) NOT NULL,
  `created_at` datetime DEFAULT NULL
) ENGINE=InnoDB DEFAULT CHARSET=utf8mb4 COLLATE=utf8mb4_general_ci;

--
-- 傾印資料表的資料 `purchase_order`
--

INSERT INTO `purchase_order` (`sid`, `purchase_order_id`, `member_id`, `recipient`, `recipient_mobile`, `store_id`, `shipping_method`, `shipping_fee`, `total_amount`, `payment_method`, `payment_status`, `status`, `created_at`) VALUES
(65, '0f23e60cf4644ed28ed821b8530a3aa8', '56', '吳可芸', '0928631136', 240226, '7-11店到店(運費$60)', 60, 1030, 'LinePay', '已付款', '已完成', '2024-01-10 14:13:06'),
(77, 'b4a48b8eb3364aff9c50587fd199efce', '56', '吳可芸', '0928631136', 844745, '7-11店到店(運費$60)', 60, 1340, 'LinePay', '已付款', '運送中', '2024-01-12 21:55:20'),
(126, 'f7febc0696034a05aa26ccda9736ce5e', '56', '吳可芸', '0928631136', 185394, '7-11店到店(運費$60)', 60, 1100, 'LinePay', '已付款', '訂單處理中', '2024-01-15 13:36:30'),
(137, '53ba17d4db114b87b4afd04363704220', '56', '吳可芸', '0928631136', 262329, '7-11店到店(運費$60)', 60, 6200, 'LinePay', '已付款', '訂單處理中', '2024-01-16 16:46:30'),
(144, '59d2b116b8de4ebb9f57992a3d99c459', '56', '吳可芸', '0928631136', 187301, '7-11店到店(運費$60)', 60, 960, 'LinePay', '已付款', '已完成', '2024-01-17 16:01:50'),
(145, 'e0f30b684d8f4b2e9e2400fc833b0270', '51', '池睿中', '0983105501', 248714, '7-11店到店(運費$60)', 60, 4000, 'LinePay', '已付款', '已完成', '2024-01-17 22:27:57'),
(147, '1fa49fd4d2f64fea83d0d1ee473b2b71', '52', '郭映婷', '0988210120', 244365, '7-11店到店(運費$60)', 60, 4330, 'LinePay', '已付款', '已完成', '2024-01-17 22:56:58'),
(148, '0e6d9396a73044a49cc050da14a54319', '53', '許品岳', '0958998789', 244365, '7-11店到店(運費$60)', 60, 4000, 'LinePay', '已付款', '已完成', '2024-01-17 23:04:11'),
(149, '1bf78b7337084e05a57232e298aee124', '54', '曹靜慧', '0908764358', 185981, '7-11店到店(運費$60)', 60, 3740, 'LinePay', '已付款', '已完成', '2024-01-17 23:09:15'),
(150, 'a1889fa15cb84ab2991d83f13dd733b4', '57', '林威丞', '0988750641', 210845, '7-11店到店(運費$60)', 60, 4000, 'LinePay', '已付款', '已完成', '2024-01-18 09:51:31'),
(151, '599cfad92fe848128d7f0e9db35633c2', '58', '田芳庭', '0988256815', 855398, '7-11店到店(運費$60)', 60, 3740, 'LinePay', '已付款', '已完成', '2024-01-18 10:09:53'),
(152, '25a30b5f1f87461b852dc25579345a0c', '59', '張學宏', '0958971178', 121415, '7-11店到店(運費$60)', 60, 5190, 'LinePay', '已付款', '已完成', '2024-01-18 10:21:55'),
(153, '2fad3e66e58242dab75469c67ff048b1', '60', '羅勝祥', '0988521487', 251455, '7-11店到店(運費$60)', 60, 4000, 'LinePay', '已付款', '已完成', '2024-01-18 10:27:24'),
(154, '83641a2a84bd435e9a085f9b54167377', '56', '吳可芸', '0928631136', 244365, '7-11店到店(運費$60)', 60, 1100, 'LinePay', '已付款', '已完成', '2024-01-18 19:53:09'),
(155, '1a05f5e3dad9491faa899591e29f9c25', '56', '吳可芸', '0928631136', 135492, '7-11店到店(運費$60)', 60, 1770, 'LinePay', '已付款', '已完成', '2024-01-19 09:20:42'),
(158, '09166a7bfed949618df33be7cb83fcb8', '56', '吳可', '0928631136', 264211, '7-11店到店(運費$60)', 60, 3350, 'LinePay', '已付款', '訂單處理中', '2024-01-23 22:36:36'),
(159, 'ad8fb0941fe84d73b240a3ce59a5cb75', '56', '吳可', '0928631136', 195885, '7-11店到店(運費$60)', 60, 1280, 'LinePay', '未付款', '訂單處理中', '2024-01-24 10:16:05');

-- --------------------------------------------------------

--
-- 資料表結構 `time_period`
--

CREATE TABLE `time_period` (
  `period_id` int(11) NOT NULL,
  `period` time NOT NULL
) ENGINE=InnoDB DEFAULT CHARSET=utf8mb4 COLLATE=utf8mb4_general_ci;

--
-- 傾印資料表的資料 `time_period`
--

INSERT INTO `time_period` (`period_id`, `period`) VALUES
(1, '00:00:00'),
(2, '01:00:00'),
(3, '02:00:00'),
(4, '03:00:00'),
(5, '04:00:00'),
(6, '05:00:00'),
(7, '06:00:00'),
(8, '07:00:00'),
(9, '08:00:00'),
(10, '09:00:00'),
(11, '10:00:00'),
(12, '11:00:00'),
(13, '12:00:00'),
(14, '13:00:00'),
(15, '14:00:00'),
(16, '15:00:00'),
(17, '16:00:00'),
(18, '17:00:00'),
(19, '18:00:00'),
(20, '19:00:00'),
(21, '20:00:00'),
(22, '21:00:00'),
(23, '22:00:00'),
(24, '23:00:00');

-- --------------------------------------------------------

--
-- 資料表結構 `week`
--

CREATE TABLE `week` (
  `week_id` int(11) NOT NULL,
  `week` varchar(10) NOT NULL
) ENGINE=InnoDB DEFAULT CHARSET=utf8mb4 COLLATE=utf8mb4_general_ci;

--
-- 傾印資料表的資料 `week`
--

INSERT INTO `week` (`week_id`, `week`) VALUES
(1, 'Sunday'),
(2, 'Monday'),
(3, 'Tuesday'),
(4, 'Wednesday'),
(5, 'Thursday'),
(6, 'Friday'),
(7, 'Saturday');

-- --------------------------------------------------------

--
-- 資料表結構 `workout_entry`
--

CREATE TABLE `workout_entry` (
  `entry_id` int(11) NOT NULL,
  `log_id` int(11) DEFAULT NULL,
  `exercise_id` int(11) DEFAULT NULL,
  `entry_load` float DEFAULT NULL,
  `entry_reps` int(11) DEFAULT NULL
) ENGINE=InnoDB DEFAULT CHARSET=utf8mb4 COLLATE=utf8mb4_general_ci;

--
-- 傾印資料表的資料 `workout_entry`
--

INSERT INTO `workout_entry` (`entry_id`, `log_id`, `exercise_id`, `entry_load`, `entry_reps`) VALUES
(1, 1, 1, 12.5, 12),
(2, 1, 1, 12.5, 10),
(3, 1, 1, 12.5, 8),
(4, 1, 2, 30, 8),
(5, 1, 2, 30, 7),
(6, 1, 2, 30, 6),
(7, 1, 7, 25, 8),
(8, 1, 7, 25, 9),
(9, 1, 7, 25, 10),
(10, 1, 8, 20, 8),
(11, 1, 8, 20, 9),
(12, 1, 8, 20, 10),
(13, 1, 5, 5, 12),
(14, 1, 5, 5, 15),
(15, 1, 10, 10, 8),
(16, 1, 10, 10, 7),
(17, 2, 1, 12.5, 12),
(18, 2, 1, 12.5, 12),
(19, 2, 1, 12.5, 13),
(20, 2, 2, 30, 9),
(21, 2, 2, 30, 8),
(22, 2, 2, 30, 7),
(23, 2, 7, 25, 10),
(24, 2, 7, 25, 9),
(25, 2, 7, 25, 8),
(26, 2, 8, 20, 10),
(27, 2, 8, 20, 9),
(28, 2, 8, 20, 8),
(29, 2, 5, 5, 15),
(30, 2, 5, 5, 13),
(31, 2, 10, 10, 8),
(32, 2, 10, 10, 7),
(33, 3, 1, 15, 6),
(34, 3, 1, 15, 7),
(35, 3, 1, 15, 8),
(36, 3, 2, 30, 10),
(37, 3, 2, 30, 9),
(38, 3, 2, 30, 8),
(39, 3, 7, 25, 11),
(40, 3, 7, 25, 10),
(41, 3, 7, 25, 9),
(42, 3, 8, 20, 11),
(43, 3, 8, 20, 10),
(44, 3, 8, 20, 9),
(45, 3, 5, 5, 15),
(46, 3, 5, 5, 15),
(47, 3, 10, 10, 8),
(48, 3, 10, 10, 8),
(49, 4, 1, 15, 8),
(50, 4, 1, 15, 8),
(51, 4, 1, 15, 9),
(52, 4, 2, 30, 11),
(53, 4, 2, 30, 10),
(54, 4, 2, 30, 9),
(55, 4, 7, 25, 12),
(56, 4, 7, 25, 11),
(57, 4, 7, 25, 10),
(58, 4, 8, 20, 12),
(59, 4, 8, 20, 11),
(60, 4, 8, 20, 10),
(61, 4, 5, 5, 15),
(62, 4, 5, 5, 15),
(63, 4, 10, 10, 8),
(64, 4, 10, 10, 8),
(65, 5, 1, 15, 12),
(66, 5, 1, 15, 10),
(67, 5, 1, 15, 8),
(68, 5, 2, 30, 12),
(69, 5, 2, 30, 11),
(70, 5, 2, 30, 10),
(71, 5, 7, 25, 12),
(72, 5, 7, 25, 11),
(73, 5, 7, 25, 11),
(74, 5, 8, 20, 12),
(75, 5, 8, 20, 11),
(76, 5, 8, 20, 11),
(77, 5, 5, 5, 15),
(78, 5, 5, 5, 15),
(79, 5, 10, 10, 9),
(80, 5, 10, 10, 8),
(81, 6, 1, 15, 12),
(82, 6, 1, 15, 12),
(83, 6, 1, 15, 12),
(84, 6, 2, 30, 12),
(85, 6, 2, 30, 12),
(86, 6, 2, 30, 11),
(87, 6, 7, 25, 12),
(88, 6, 7, 25, 12),
(89, 6, 7, 25, 11),
(90, 6, 8, 20, 12),
(91, 6, 8, 20, 11),
(92, 6, 8, 20, 11),
(93, 6, 5, 5, 15),
(94, 6, 5, 5, 15),
(95, 6, 10, 10, 10),
(96, 6, 10, 10, 7),
(97, 7, 1, 17.5, 6),
(98, 7, 1, 17.5, 7),
(99, 7, 1, 17.5, 8),
(100, 7, 2, 30, 12),
(101, 7, 2, 30, 12),
(102, 7, 2, 30, 12),
(103, 7, 7, 25, 12),
(104, 7, 7, 25, 12),
(105, 7, 7, 25, 13),
(106, 7, 8, 20, 11),
(107, 7, 8, 20, 10),
(108, 7, 8, 20, 10),
(109, 7, 5, 7.5, 6),
(110, 7, 5, 5, 12),
(111, 7, 10, 10, 11),
(112, 7, 10, 10, 6),
(113, 8, 1, 17.5, 8),
(114, 8, 1, 17.5, 7),
(115, 8, 1, 17.5, 7),
(116, 8, 2, 30, 12),
(117, 8, 2, 30, 12),
(118, 8, 2, 30, 13),
(119, 8, 7, 27.5, 8),
(120, 8, 7, 27.5, 9),
(121, 8, 7, 27.5, 10),
(122, 8, 8, 20, 11),
(123, 8, 8, 20, 9),
(124, 8, 8, 20, 10),
(125, 8, 5, 7.5, 6),
(126, 8, 5, 5, 10),
(127, 8, 10, 10, 11),
(128, 8, 10, 10, 7),
(129, 9, 1, 17.5, 9),
(130, 9, 1, 17.5, 8),
(131, 9, 1, 17.5, 7),
(132, 9, 2, 32.5, 6),
(133, 9, 2, 32.5, 7),
(134, 9, 2, 32.5, 8),
(135, 9, 7, 27.5, 9),
(136, 9, 7, 27.5, 10),
(137, 9, 7, 27.5, 8),
(138, 9, 8, 20, 11),
(140, 9, 8, 20, 10),
(141, 9, 5, 7.5, 5),
(142, 9, 5, 5, 11),
(143, 9, 10, 10, 11),
(144, 9, 10, 10, 9),
(145, 10, 1, 17.5, 11),
(146, 10, 1, 17.5, 10),
(147, 10, 1, 17.5, 9),
(148, 10, 2, 32.5, 9),
(149, 10, 2, 32.5, 8),
(150, 10, 2, 32.5, 7),
(151, 10, 7, 27.5, 11),
(152, 10, 7, 27.5, 10),
(153, 10, 7, 27.5, 8),
(154, 10, 8, 20, 12),
(155, 10, 8, 20, 11),
(156, 10, 8, 20, 10),
(157, 10, 5, 7.5, 5),
(158, 10, 5, 5, 12),
(159, 10, 10, 10, 11),
(160, 10, 10, 10, 10),
(161, 11, 1, 17.5, 12),
(162, 11, 1, 17.5, 11),
(163, 11, 1, 17.5, 10),
(164, 11, 2, 32.5, 9),
(165, 11, 2, 32.5, 9),
(166, 11, 2, 32.5, 8),
(167, 11, 7, 27.5, 11),
(168, 11, 7, 27.5, 11),
(169, 11, 7, 27.5, 10),
(170, 11, 8, 20, 12),
(171, 11, 8, 20, 12),
(172, 11, 8, 20, 11),
(173, 11, 5, 7.5, 6),
(174, 11, 5, 5, 12),
(175, 11, 10, 10, 11),
(176, 11, 10, 10, 12),
(177, 12, 1, 17.5, 12),
(178, 12, 1, 17.5, 12),
(179, 12, 1, 17.5, 13),
(180, 12, 2, 32.5, 10),
(181, 12, 2, 32.5, 9),
(182, 12, 2, 32.5, 8),
(183, 12, 7, 27.5, 12),
(184, 12, 7, 27.5, 11),
(185, 12, 7, 27.5, 10),
(186, 12, 8, 20, 12),
(187, 12, 8, 20, 12),
(188, 12, 8, 20, 11),
(189, 12, 5, 7.5, 6),
(190, 12, 5, 5, 14),
(191, 12, 10, 10, 12),
(192, 12, 10, 10, 12);

-- --------------------------------------------------------

--
-- 資料表結構 `workout_exercise`
--

CREATE TABLE `workout_exercise` (
  `exercise_id` int(11) NOT NULL,
  `exercise_name_cn` varchar(255) DEFAULT NULL,
  `exercise_name_en` varchar(255) DEFAULT NULL
) ENGINE=InnoDB DEFAULT CHARSET=utf8mb4 COLLATE=utf8mb4_general_ci;

--
-- 傾印資料表的資料 `workout_exercise`
--

INSERT INTO `workout_exercise` (`exercise_id`, `exercise_name_cn`, `exercise_name_en`) VALUES
(1, '啞鈴划船', 'Dumbbell Row'),
(2, '啞鈴臥推', 'Dumbbell Bench Press'),
(3, '啞鈴肩推', 'Dumbbell Shoulder Press'),
(4, '啞鈴二頭彎舉', 'Dumbbell Bicep Curl'),
(5, '啞鈴側平舉', 'Dumbbell Lateral Raise'),
(6, '啞鈴三頭屈伸', 'Dumbbell Tricep Extension'),
(7, '啞鈴相撲蹲', 'Dumbbell Sumo Squat'),
(8, '啞鈴弓箭步蹲', 'Dumbbell Lunge'),
(9, '啞鈴側蹲', 'Dumbbell Lateral Lunge'),
(10, '啞鈴保加利亞分腿蹲', 'Dumbbell Bulgarian Split Squat'),
(11, '啞鈴後跨弓箭步', 'Dumbbell Reverse Lunge'),
(12, '啞鈴臀推', 'Dumbbell Hip Thrust');

-- --------------------------------------------------------

--
-- 資料表結構 `workout_log`
--

CREATE TABLE `workout_log` (
  `log_id` int(11) NOT NULL,
  `member_id` int(11) DEFAULT NULL,
  `variation_id` int(11) DEFAULT NULL,
  `log_date` date DEFAULT NULL,
  `active` tinyint(1) DEFAULT NULL
) ENGINE=InnoDB DEFAULT CHARSET=utf8mb4 COLLATE=utf8mb4_general_ci;

--
-- 傾印資料表的資料 `workout_log`
--

INSERT INTO `workout_log` (`log_id`, `member_id`, `variation_id`, `log_date`, `active`) VALUES
(1, 56, 2, '2023-10-01', 0),
(2, 56, 2, '2023-10-16', 0),
(3, 56, 2, '2023-11-01', 0),
(4, 56, 2, '2023-11-16', 0),
(5, 56, 2, '2023-12-01', 0),
(6, 56, 2, '2023-12-16', 0),
(7, 56, 2, '2024-01-08', 0),
(8, 56, 2, '2024-01-10', 0),
(9, 56, 2, '2024-01-12', 1),
(10, 56, 2, '2024-01-15', 1),
(11, 56, 2, '2024-01-17', 1),
(12, 56, 2, '2024-01-19', 1);

-- --------------------------------------------------------

--
-- 資料表結構 `workout_plan`
--

CREATE TABLE `workout_plan` (
  `plan_id` int(11) NOT NULL,
  `plan_name` varchar(255) NOT NULL,
  `plan_difficulty` int(11) DEFAULT NULL,
  `plan_intro` varchar(255) DEFAULT NULL,
  `plan_pros` varchar(255) DEFAULT NULL,
  `plan_cons` varchar(255) DEFAULT NULL,
  `plan_source` int(11) DEFAULT NULL,
  `plan_recent` datetime DEFAULT NULL
) ENGINE=InnoDB DEFAULT CHARSET=utf8mb4 COLLATE=utf8mb4_general_ci;

--
-- 傾印資料表的資料 `workout_plan`
--

INSERT INTO `workout_plan` (`plan_id`, `plan_name`, `plan_difficulty`, `plan_intro`, `plan_pros`, `plan_cons`, `plan_source`, `plan_recent`) VALUES
(1, '基礎徒手訓練', 1, '利用自身抗力，建立穩固的肌力基礎', '簡單安全，無須器材', '難以增加重量', 0, '0000-00-00 00:00:00'),
(2, '啞鈴全身訓練', 2, '以啞鈴增加負重，激活全身肌肉', '省時方便，難度適中', '運動選擇較少', 0, '0000-00-00 00:00:00'),
(3, '推拉腳訓練', 3, '不同肌群分開訓練，全面提升健身效果', '高頻率，效果顯著', '較容易肌肉疲勞', 0, '0000-00-00 00:00:00'),
(4, '5x5 力量訓練', 4, '五組五次的複合動作，簡單有效', '專注於增強力量', '需要專業指導', 0, '0000-00-00 00:00:00');

-- --------------------------------------------------------

--
-- 資料表結構 `workout_variation`
--

CREATE TABLE `workout_variation` (
  `variation_id` int(11) NOT NULL,
  `variation_name` varchar(255) DEFAULT NULL,
  `plan_id` int(11) DEFAULT NULL,
  `variation_intro` varchar(255) DEFAULT NULL
) ENGINE=InnoDB DEFAULT CHARSET=utf8mb4 COLLATE=utf8mb4_general_ci;

--
-- 傾印資料表的資料 `workout_variation`
--

INSERT INTO `workout_variation` (`variation_id`, `variation_name`, `plan_id`, `variation_intro`) VALUES
(1, '基礎徒手訓練', 1, '包含熱身的基礎重訓運動組合'),
(2, '運動組合A', 2, '著重於增強肌肉力量和基本體能'),
(3, '運動組合B', 2, '注重於增加肌肉肥大和提高肌耐力'),
(4, '練推日', 3, '主要集中在肌肉的推動動作，有助於發展胸、肩和手臂'),
(5, '練拉日', 3, '專注於雙臂的拉動動作，有助於強化背部、二頭肌和三頭肌'),
(6, '練腿日', 3, '涵蓋下半身的訓練，提升大腿、臀部和核心力量'),
(7, '單日', 4, '著重於胸、背'),
(8, '雙日', 4, '著重於肩、腿');

-- --------------------------------------------------------

--
-- 資料表結構 `workout_variation_exercise`
--

CREATE TABLE `workout_variation_exercise` (
  `sid` int(11) NOT NULL,
  `variation_id` int(11) DEFAULT NULL,
  `exercise_id` int(11) DEFAULT NULL
) ENGINE=InnoDB DEFAULT CHARSET=utf8mb4 COLLATE=utf8mb4_general_ci;

--
-- 傾印資料表的資料 `workout_variation_exercise`
--

INSERT INTO `workout_variation_exercise` (`sid`, `variation_id`, `exercise_id`) VALUES
(1, 2, 1),
(2, 2, 2),
(3, 2, 7),
(4, 2, 8),
(5, 2, 5),
(6, 2, 10),
(7, 3, 3),
(8, 3, 4),
(9, 3, 6),
(10, 3, 9),
(11, 3, 11),
(12, 3, 12);

--
-- 已傾印資料表的索引
--

--
-- 資料表索引 `blogcollect`
--
ALTER TABLE `blogcollect`
  ADD PRIMARY KEY (`blogcollect_id`);

--
-- 資料表索引 `blogfollow`
--
ALTER TABLE `blogfollow`
  ADD PRIMARY KEY (`follow_id`);

--
-- 資料表索引 `bloglist`
--
ALTER TABLE `bloglist`
  ADD PRIMARY KEY (`blogarticle_id`);

--
-- 資料表索引 `blogreply`
--
ALTER TABLE `blogreply`
  ADD PRIMARY KEY (`blogcomment_id`);

--
-- 資料表索引 `brand`
--
ALTER TABLE `brand`
  ADD PRIMARY KEY (`brand_id`);

--
-- 資料表索引 `cert`
--
ALTER TABLE `cert`
  ADD PRIMARY KEY (`cert_id`);

--
-- 資料表索引 `coach`
--
ALTER TABLE `coach`
  ADD PRIMARY KEY (`coach_id`);

--
-- 資料表索引 `coach_cert_relation`
--
ALTER TABLE `coach_cert_relation`
  ADD PRIMARY KEY (`coach_cert_id`);

--
-- 資料表索引 `coupon`
--
ALTER TABLE `coupon`
  ADD PRIMARY KEY (`coupon_id`);

--
-- 資料表索引 `coupon_record`
--
ALTER TABLE `coupon_record`
  ADD PRIMARY KEY (`sid`);

--
-- 資料表索引 `course`
--
ALTER TABLE `course`
  ADD PRIMARY KEY (`course_id`),
  ADD KEY `index_course_coach_id` (`coach_id`);

--
-- 資料表索引 `course_favorite`
--
ALTER TABLE `course_favorite`
  ADD PRIMARY KEY (`favorite_id`);

--
-- 資料表索引 `course_purchase`
--
ALTER TABLE `course_purchase`
  ADD PRIMARY KEY (`purchase_id`);

--
-- 資料表索引 `course_tag`
--
ALTER TABLE `course_tag`
  ADD PRIMARY KEY (`tag_id`);

--
-- 資料表索引 `course_time`
--
ALTER TABLE `course_time`
  ADD PRIMARY KEY (`time_id`);

--
-- 資料表索引 `fitness_tag`
--
ALTER TABLE `fitness_tag`
  ADD PRIMARY KEY (`fitness_id`);

--
-- 資料表索引 `food_category_reference`
--
ALTER TABLE `food_category_reference`
  ADD PRIMARY KEY (`food_category_id`);

--
-- 資料表索引 `fytrack_add`
--
ALTER TABLE `fytrack_add`
  ADD PRIMARY KEY (`add_sid`);

--
-- 資料表索引 `fytrack_food`
--
ALTER TABLE `fytrack_food`
  ADD PRIMARY KEY (`food_id`);

--
-- 資料表索引 `fytrack_nutrition`
--
ALTER TABLE `fytrack_nutrition`
  ADD PRIMARY KEY (`ntdentry_sid`);

--
-- 資料表索引 `intake_timing_reference`
--
ALTER TABLE `intake_timing_reference`
  ADD PRIMARY KEY (`intake_timing_id`);

--
-- 資料表索引 `member`
--
ALTER TABLE `member`
  ADD PRIMARY KEY (`member_id`);

--
-- 資料表索引 `order_detail`
--
ALTER TABLE `order_detail`
  ADD PRIMARY KEY (`sid`);

--
-- 資料表索引 `product`
--
ALTER TABLE `product`
  ADD PRIMARY KEY (`sid`);

--
-- 資料表索引 `product_category`
--
ALTER TABLE `product_category`
  ADD PRIMARY KEY (`category_sid`);

--
-- 資料表索引 `product_collection`
--
ALTER TABLE `product_collection`
  ADD PRIMARY KEY (`collection_id`);

--
-- 資料表索引 `product_comment`
--
ALTER TABLE `product_comment`
  ADD PRIMARY KEY (`comment_id`);

--
-- 資料表索引 `purchase_order`
--
ALTER TABLE `purchase_order`
  ADD PRIMARY KEY (`sid`);

--
-- 資料表索引 `time_period`
--
ALTER TABLE `time_period`
  ADD PRIMARY KEY (`period_id`);

--
-- 資料表索引 `week`
--
ALTER TABLE `week`
  ADD PRIMARY KEY (`week_id`);

--
-- 資料表索引 `workout_entry`
--
ALTER TABLE `workout_entry`
  ADD PRIMARY KEY (`entry_id`);

--
-- 資料表索引 `workout_exercise`
--
ALTER TABLE `workout_exercise`
  ADD PRIMARY KEY (`exercise_id`);

--
-- 資料表索引 `workout_log`
--
ALTER TABLE `workout_log`
  ADD PRIMARY KEY (`log_id`);

--
-- 資料表索引 `workout_plan`
--
ALTER TABLE `workout_plan`
  ADD PRIMARY KEY (`plan_id`);

--
-- 資料表索引 `workout_variation`
--
ALTER TABLE `workout_variation`
  ADD PRIMARY KEY (`variation_id`);

--
-- 資料表索引 `workout_variation_exercise`
--
ALTER TABLE `workout_variation_exercise`
  ADD PRIMARY KEY (`sid`);

--
-- 在傾印的資料表使用自動遞增(AUTO_INCREMENT)
--

--
-- 使用資料表自動遞增(AUTO_INCREMENT) `blogcollect`
--
ALTER TABLE `blogcollect`
  MODIFY `blogcollect_id` int(255) NOT NULL AUTO_INCREMENT, AUTO_INCREMENT=84;

--
-- 使用資料表自動遞增(AUTO_INCREMENT) `blogfollow`
--
ALTER TABLE `blogfollow`
  MODIFY `follow_id` int(10) NOT NULL AUTO_INCREMENT, AUTO_INCREMENT=95;

--
-- 使用資料表自動遞增(AUTO_INCREMENT) `bloglist`
--
ALTER TABLE `bloglist`
  MODIFY `blogarticle_id` int(255) NOT NULL AUTO_INCREMENT, AUTO_INCREMENT=168;

--
-- 使用資料表自動遞增(AUTO_INCREMENT) `blogreply`
--
ALTER TABLE `blogreply`
  MODIFY `blogcomment_id` int(11) NOT NULL AUTO_INCREMENT, AUTO_INCREMENT=83;

--
-- 使用資料表自動遞增(AUTO_INCREMENT) `brand`
--
ALTER TABLE `brand`
  MODIFY `brand_id` int(11) NOT NULL AUTO_INCREMENT, AUTO_INCREMENT=8;

--
-- 使用資料表自動遞增(AUTO_INCREMENT) `cert`
--
ALTER TABLE `cert`
  MODIFY `cert_id` int(11) NOT NULL AUTO_INCREMENT, AUTO_INCREMENT=51;

--
-- 使用資料表自動遞增(AUTO_INCREMENT) `coach`
--
ALTER TABLE `coach`
  MODIFY `coach_id` int(11) NOT NULL AUTO_INCREMENT, AUTO_INCREMENT=11;

--
-- 使用資料表自動遞增(AUTO_INCREMENT) `coach_cert_relation`
--
ALTER TABLE `coach_cert_relation`
  MODIFY `coach_cert_id` int(11) NOT NULL AUTO_INCREMENT, AUTO_INCREMENT=52;

--
-- 使用資料表自動遞增(AUTO_INCREMENT) `coupon`
--
ALTER TABLE `coupon`
  MODIFY `coupon_id` int(11) NOT NULL AUTO_INCREMENT, AUTO_INCREMENT=5;

--
-- 使用資料表自動遞增(AUTO_INCREMENT) `coupon_record`
--
ALTER TABLE `coupon_record`
  MODIFY `sid` int(11) NOT NULL AUTO_INCREMENT, AUTO_INCREMENT=9;

--
-- 使用資料表自動遞增(AUTO_INCREMENT) `course`
--
ALTER TABLE `course`
  MODIFY `course_id` int(11) NOT NULL AUTO_INCREMENT, AUTO_INCREMENT=52;

--
-- 使用資料表自動遞增(AUTO_INCREMENT) `course_favorite`
--
ALTER TABLE `course_favorite`
  MODIFY `favorite_id` int(11) NOT NULL AUTO_INCREMENT, AUTO_INCREMENT=22;

--
-- 使用資料表自動遞增(AUTO_INCREMENT) `course_purchase`
--
ALTER TABLE `course_purchase`
  MODIFY `purchase_id` int(11) NOT NULL AUTO_INCREMENT, AUTO_INCREMENT=116;

--
-- 使用資料表自動遞增(AUTO_INCREMENT) `course_tag`
--
ALTER TABLE `course_tag`
  MODIFY `tag_id` int(11) NOT NULL AUTO_INCREMENT, AUTO_INCREMENT=150;

--
-- 使用資料表自動遞增(AUTO_INCREMENT) `course_time`
--
ALTER TABLE `course_time`
  MODIFY `time_id` int(11) NOT NULL AUTO_INCREMENT, AUTO_INCREMENT=1065;

--
-- 使用資料表自動遞增(AUTO_INCREMENT) `fitness_tag`
--
ALTER TABLE `fitness_tag`
  MODIFY `fitness_id` int(11) NOT NULL AUTO_INCREMENT, AUTO_INCREMENT=11;

--
-- 使用資料表自動遞增(AUTO_INCREMENT) `food_category_reference`
--
ALTER TABLE `food_category_reference`
  MODIFY `food_category_id` int(11) NOT NULL AUTO_INCREMENT, AUTO_INCREMENT=11;

--
-- 使用資料表自動遞增(AUTO_INCREMENT) `fytrack_add`
--
ALTER TABLE `fytrack_add`
  MODIFY `add_sid` int(11) NOT NULL AUTO_INCREMENT, AUTO_INCREMENT=236;

--
-- 使用資料表自動遞增(AUTO_INCREMENT) `fytrack_food`
--
ALTER TABLE `fytrack_food`
  MODIFY `food_id` int(11) NOT NULL AUTO_INCREMENT, AUTO_INCREMENT=615;

--
-- 使用資料表自動遞增(AUTO_INCREMENT) `fytrack_nutrition`
--
ALTER TABLE `fytrack_nutrition`
  MODIFY `ntdentry_sid` int(11) NOT NULL AUTO_INCREMENT, AUTO_INCREMENT=38;

--
-- 使用資料表自動遞增(AUTO_INCREMENT) `intake_timing_reference`
--
ALTER TABLE `intake_timing_reference`
  MODIFY `intake_timing_id` int(11) NOT NULL AUTO_INCREMENT, AUTO_INCREMENT=5;

--
-- 使用資料表自動遞增(AUTO_INCREMENT) `member`
--
ALTER TABLE `member`
  MODIFY `member_id` int(11) NOT NULL AUTO_INCREMENT, AUTO_INCREMENT=86;

--
-- 使用資料表自動遞增(AUTO_INCREMENT) `order_detail`
--
ALTER TABLE `order_detail`
  MODIFY `sid` int(11) NOT NULL AUTO_INCREMENT, AUTO_INCREMENT=296;

--
-- 使用資料表自動遞增(AUTO_INCREMENT) `product`
--
ALTER TABLE `product`
  MODIFY `sid` int(11) NOT NULL AUTO_INCREMENT, AUTO_INCREMENT=183;

--
-- 使用資料表自動遞增(AUTO_INCREMENT) `product_category`
--
ALTER TABLE `product_category`
  MODIFY `category_sid` int(11) NOT NULL AUTO_INCREMENT, AUTO_INCREMENT=12;

--
-- 使用資料表自動遞增(AUTO_INCREMENT) `product_collection`
--
ALTER TABLE `product_collection`
  MODIFY `collection_id` int(11) NOT NULL AUTO_INCREMENT, AUTO_INCREMENT=59;

--
-- 使用資料表自動遞增(AUTO_INCREMENT) `product_comment`
--
ALTER TABLE `product_comment`
  MODIFY `comment_id` int(11) NOT NULL AUTO_INCREMENT, AUTO_INCREMENT=61;

--
-- 使用資料表自動遞增(AUTO_INCREMENT) `purchase_order`
--
ALTER TABLE `purchase_order`
  MODIFY `sid` int(11) NOT NULL AUTO_INCREMENT, AUTO_INCREMENT=160;

--
-- 使用資料表自動遞增(AUTO_INCREMENT) `time_period`
--
ALTER TABLE `time_period`
  MODIFY `period_id` int(11) NOT NULL AUTO_INCREMENT, AUTO_INCREMENT=25;

--
-- 使用資料表自動遞增(AUTO_INCREMENT) `week`
--
ALTER TABLE `week`
  MODIFY `week_id` int(11) NOT NULL AUTO_INCREMENT, AUTO_INCREMENT=8;

--
-- 使用資料表自動遞增(AUTO_INCREMENT) `workout_entry`
--
ALTER TABLE `workout_entry`
  MODIFY `entry_id` int(11) NOT NULL AUTO_INCREMENT, AUTO_INCREMENT=270;

--
-- 使用資料表自動遞增(AUTO_INCREMENT) `workout_exercise`
--
ALTER TABLE `workout_exercise`
  MODIFY `exercise_id` int(11) NOT NULL AUTO_INCREMENT, AUTO_INCREMENT=13;

--
-- 使用資料表自動遞增(AUTO_INCREMENT) `workout_log`
--
ALTER TABLE `workout_log`
  MODIFY `log_id` int(11) NOT NULL AUTO_INCREMENT, AUTO_INCREMENT=197;

--
-- 使用資料表自動遞增(AUTO_INCREMENT) `workout_plan`
--
ALTER TABLE `workout_plan`
  MODIFY `plan_id` int(11) NOT NULL AUTO_INCREMENT, AUTO_INCREMENT=5;

--
-- 使用資料表自動遞增(AUTO_INCREMENT) `workout_variation`
--
ALTER TABLE `workout_variation`
  MODIFY `variation_id` int(11) NOT NULL AUTO_INCREMENT, AUTO_INCREMENT=9;

--
-- 使用資料表自動遞增(AUTO_INCREMENT) `workout_variation_exercise`
--
ALTER TABLE `workout_variation_exercise`
  MODIFY `sid` int(11) NOT NULL AUTO_INCREMENT, AUTO_INCREMENT=13;
COMMIT;

/*!40101 SET CHARACTER_SET_CLIENT=@OLD_CHARACTER_SET_CLIENT */;
/*!40101 SET CHARACTER_SET_RESULTS=@OLD_CHARACTER_SET_RESULTS */;
/*!40101 SET COLLATION_CONNECTION=@OLD_COLLATION_CONNECTION */;
